EmployeeID,Age,Department,YearsAtCompany,EducationLevel,RemoteWorkRatio,JobSatisfactionScore,AverageWeeklyHours,NumProjects,ManagerFeedbackScore,TrainingHoursLastYear,PromotionsLast5Years,RecentPerformanceRating,ProductivityScore
E1000,38,Sales,2,4,0.185513915,5.920115773,40.27669357,1,6.502750918,8,0,4.137347328,12.47621101
E1001,34,HR,5,2,0.216994613,8.072395502,42.06182548,2,7.120543489,0,1,4.074449635,11.51850544
E1002,39,Engineering,7,4,0.115267114,7.6489036,42.51560917,7,7.060784413,16,1,3.931233197,0.097736786
E1003,45,Marketing,0,2,0.323127422,6.165400007,33.34746946,3,8.141761059,2,0,3.242390424,4.346624379
E1004,33,Engineering,2,3,0.087053176,5.761551287,45.7684695,3,6.819035449,1,1,3.637647138,5.671494742
E1005,33,Engineering,9,3,0.168735815,7.839496958,42.64746826,0,6.475171976,28,1,3.029310749,3.266648876
E1006,46,IT,2,5,0.140029545,4.573051364,36.72306889,6,6.728788832,0,1,3.510251444,6.119938051
E1007,40,HR,4,4,0.136812623,2.986774342,50.99532117,3,5.928003825,63,0,2.565207286,7.48069841
E1008,31,IT,4,4,0.345832173,2.975404017,40.26707709,0,6.46013336,14,0,2.867500807,8.021828426
E1009,38,HR,1,4,0.151986874,4.40725105,40.59176309,6,10,81,0,3.274150366,13.74764863
E1010,31,HR,2,3,0.114473077,7.319304598,45.20854623,3,5.630981859,1,0,2.745035655,2.673086669
E1011,31,Finance,2,5,0.134452219,5.154402291,51.42000569,6,6.582015499,17,0,3.095986183,0
E1012,36,Sales,0,3,0.080326225,6.409032006,45.40519798,1,6.418767005,8,1,3.368859219,5.963903206
E1013,21,Finance,0,3,0.117595199,5.009407858,46.13054918,5,6.629242582,37,1,3.821809876,13.83745964
E1014,22,Sales,8,2,0.255855703,5.025285268,36.99189067,4,6.503141037,8,1,4.259405841,1.827402416
E1015,31,IT,1,4,0.066619685,3.949072651,42.43479851,4,7.418860152,6,0,3.128972503,7.373017594
E1016,27,Sales,3,4,0.360690554,5.816208749,39.33869137,4,4.434737348,38,2,4.568083694,7.607488478
E1017,37,IT,1,3,0.190908807,5.649672528,45.52064924,1,8.555757209,9,0,4.250888863,5.573684627
E1018,28,Engineering,14,1,0.188209324,6.825330046,45.98482898,1,7.948874199,0,1,3.903275066,4.754932429
E1019,25,Engineering,1,4,0.465626633,6.575395214,50.16614758,9,5.135692621,9,2,3.622919303,0.127833586
E1020,45,Sales,2,1,0.125293893,5.605705238,31.20829042,6,3.596384091,21,1,3.755296673,0
E1021,33,Sales,10,4,0.108115122,2.98782231,38.84710919,4,5.534391781,5,3,4.449640921,0
E1022,35,IT,9,5,0.283226503,8.141158935,48.50124472,2,6.636000308,11,1,4.478863728,3.076656571
E1023,25,Finance,1,3,0.192592754,5.829911322,34.99235077,3,10,1,0,4.567957383,10.72628044
E1024,31,IT,8,2,0.254136954,6.15928538,46.02825516,4,7.814885447,17,0,3.533061466,4.300825884
E1025,35,Finance,3,4,0.312312887,9.200990132,47.6700025,4,4.288615526,28,0,3.943973732,2.368918386
E1026,26,Engineering,3,4,0.123022197,7.816444253,41.85830077,2,5.965516743,10,0,4.574837205,0.317610833
E1027,37,HR,0,3,0.060933322,6.892898398,34.89267656,1,6.920181346,10,1,3.001027172,7.682098074
E1028,30,Sales,0,5,0.342519693,5.995388425,41.39240161,4,7.380525331,1,0,3.245266517,11.32732367
E1029,32,Finance,6,1,0.037376291,5.976708902,49.29340669,1,5.02787671,4,1,3.51282933,9.014084857
E1030,30,IT,3,3,0.253112642,6.480228995,49.69508688,4,6.797514658,3,0,4.21967899,7.72214771
E1031,47,Engineering,2,4,0.27196065,6.813813452,43.03940188,5,5.923541294,13,0,4.232137721,0
E1032,34,Finance,6,4,0.078470927,9.422803512,37.11381156,2,5.344362156,15,2,3.315308711,3.176856685
E1033,27,IT,7,2,0.526178442,10,50.69198597,4,7.38939347,59,0,2.293112436,15.62283638
E1034,40,Sales,0,4,0.234768371,6.580521611,46.1046144,2,8.16081576,1,1,3.696947155,10.38365496
E1035,26,Sales,4,3,0.116474453,1.693447856,37.44245016,3,8.261561915,18,1,2.76534709,0
E1036,36,Marketing,0,3,0.206126847,4.096511053,43.71259486,4,7.861579527,14,0,2.308051036,3.732603237
E1037,21,HR,6,2,0.3702619,9.622993764,43.4837424,4,6.2539457,14,0,2.488902751,7.10921213
E1038,25,Marketing,5,4,0.071164986,7.437305257,38.81602449,3,8.071824642,41,0,3.761104806,1.507521143
E1039,36,Engineering,15,2,0.139504253,6.852092974,43.74053407,5,7.463581657,4,1,4.588829889,0
E1040,40,Finance,0,3,0.346379091,5.666324177,47.53093419,3,7.200912824,0,1,3.531115613,4.823913026
E1041,36,Engineering,0,2,0.461982655,3.621955882,40.51875401,2,6.082460317,22,0,3.669104524,0
E1042,34,IT,1,4,0.124327161,9.355579509,48.04134546,1,6.254685809,8,1,4.446315951,1.258084002
E1043,32,Sales,1,3,0.498368933,4.353579497,33.22322715,4,7.110830404,0,0,2.264436073,2.050045061
E1044,24,Marketing,1,4,0.077286594,7.458623633,53.09133497,2,10,5,1,3.916141137,4.881628687
E1045,29,Marketing,11,2,0.176899118,3.39859646,42.28675635,4,7.45186372,7,1,3.490728173,28.79574012
E1046,31,Marketing,1,3,0.365421735,5.56930263,47.36510497,5,6.083217247,19,1,3.952845967,0
E1047,42,Engineering,1,3,0.300789343,7.985914261,43.09305743,0,5.751415833,3,1,3.113212873,3.214562519
E1048,37,Sales,7,4,0.550616309,5.500611655,37.88238692,2,6.262350081,10,0,2.845650168,0
E1049,22,Finance,2,5,0.225918121,5.263100249,41.81811688,2,10,13,2,3.612407123,6.44098647
E1050,37,IT,7,1,0.314293932,6.021272537,32.45264491,2,6.401115031,12,0,4.819353059,0
E1051,32,Finance,0,3,0.534719443,3.327994215,45.44193465,1,8.360305802,72,1,4.188728084,2.729333525
E1052,30,Engineering,3,1,0.064392221,2.951706186,42.96882289,2,6.436107632,0,0,3.093845784,7.7545464
E1053,39,IT,0,3,0.098091396,7.428472965,41.04221421,2,7.391776812,60,2,2.427222371,0
E1054,42,Marketing,0,2,0.111498055,5.155580149,45.76349786,7,8.187617911,17,1,2.154346173,8.283881467
E1055,41,HR,11,3,0.392163418,7.412969521,42.18761631,2,6.142145725,31,1,4.552879561,10.57602278
E1056,29,Engineering,0,3,0.196413438,8.236366034,45.03414936,3,6.038332519,11,0,2.735934169,0
E1057,32,Engineering,3,3,0.388480192,8.397285218,46.81158289,1,9.488304542,12,1,3.23958927,4.780385573
E1058,37,Sales,2,3,0.404121643,2.757983431,39.2538593,4,8.476889342,42,1,4.556968901,0
E1059,41,Finance,2,4,0.159081813,4.604341423,37.82294859,2,8.186008478,45,1,2.208878836,3.593094144
E1060,31,Engineering,11,3,0.158224665,7.075170614,33.38719963,3,8.18091444,5,0,4.693811608,5.16099548
E1061,33,Engineering,0,1,0.180654076,7.106003344,42.61280399,5,7.689363232,4,0,3.297087637,0
E1062,27,Marketing,5,4,0.407548113,10,44.26048644,3,10,13,0,2.581133348,15.87636181
E1063,26,Marketing,16,2,0.281815092,4.184772934,35.38192301,3,7.065862453,46,0,3.302119258,5.47729442
E1064,40,IT,4,3,0.048368153,8.336336803,49.10189924,3,7.865893551,7,0,2.921922575,0.995545654
E1065,44,HR,13,3,0.166036974,6.74454922,37.88832264,4,4.823630607,21,0,3.852655839,11.63906793
E1066,34,Sales,0,3,0.645673578,2.719528267,31.48249954,6,5.76255897,24,0,2.981494053,0
E1067,42,HR,2,1,0.244808111,4.904369527,49.4741145,5,5.1987715,30,0,1.970686231,0
E1068,37,IT,1,3,0.668290436,6.525056025,32.134925,1,8.911095375,16,0,3.323549972,0
E1069,30,Marketing,6,5,0.170191104,2.591266583,46.82089387,4,3.171189772,10,2,2.414763958,36.38761799
E1070,37,Finance,19,3,0.112916893,1.85218799,45.6055976,1,6.396534966,68,1,3.663455907,4.806040382
E1071,45,Marketing,1,3,0.387247851,2.477514843,43.59777051,3,2.509440096,18,0,2.550295734,5.440167786
E1072,34,Sales,5,3,0.186492328,6.51826731,39.38612526,4,5.753068157,26,1,3.109589757,5.895191865
E1073,45,Marketing,1,2,0.176099546,5.030665483,44.51398647,4,6.263576575,8,1,3.646070243,6.930843131
E1074,16,Sales,4,3,0.349606576,4.760088605,47.24242437,5,9.077306641,22,2,3.33003302,5.197246764
E1075,40,Sales,3,4,0.410530211,4.82875633,37.07094752,3,7.594941909,5,0,3.700344226,5.582020724
E1076,35,Sales,17,2,0.383007264,3.151755177,46.88186836,1,5.750287715,5,0,4.044229733,3.652750123
E1077,32,IT,4,2,0.44464061,5.087193634,46.65437256,1,8.59894558,25,2,2.57365304,1.243983413
E1078,35,Sales,2,2,0.227500748,2.359203904,43.46525545,4,7.026748382,14,0,3.448481968,3.218596736
E1079,21,Sales,0,3,0.308189384,8.375282279,39.31012561,5,7.056350288,22,0,1,6.404645122
E1080,33,Finance,0,5,0.553117454,9.384659441,46.67728682,2,5.195992738,6,0,3.697866641,5.451821611
E1081,37,HR,1,1,0.519803195,1.347872573,44.54156478,4,5.514979429,18,0,3.259348696,0
E1082,45,Engineering,1,3,0.352357712,5.061740681,36.92020168,6,5.76235405,11,2,2.713240189,0
E1083,31,HR,9,2,0.320491175,5.191977139,40.16322096,3,7.06969191,18,0,3.752575538,9.692109619
E1084,29,Sales,4,5,0.483446275,5.651030987,46.09527469,3,7.11682859,6,2,4.438158062,2.935269923
E1085,31,Finance,3,2,0.686633275,8.003060849,42.57290309,3,9.316138995,25,3,3.119185802,8.546457609
E1086,41,Marketing,0,3,0.222939139,5.067578436,47.42991447,2,7.577582752,32,1,2.744148408,0
E1087,37,Finance,9,4,0.415627365,5.823497075,40.29176652,4,2.938651459,6,0,3.63202021,0
E1088,31,Sales,6,4,0.35356361,10,37.00052354,2,7.393962982,7,0,2.431514667,1.230234883
E1089,38,Finance,0,3,0.165606399,5.777414185,52.96801308,1,4.824975466,21,0,2.971694904,2.477397004
E1090,35,Finance,6,3,0.017217327,9.532479721,33.59552459,2,5.551043613,23,0,4.477921729,1.908491582
E1091,41,Sales,3,3,0.279971503,7.003975315,39.50080201,2,5.781745792,24,1,3.549743384,10.86875817
E1092,30,IT,0,2,0.129700888,4.892582014,43.39874,4,6.004992515,22,0,1.996426429,4.676103205
E1093,32,Finance,3,2,0.139421829,4.558532026,46.93041946,4,4.937275912,9,2,2.062406682,12.60093268
E1094,32,Engineering,3,3,0.409727781,5.98545481,45.23224684,3,7.305223005,10,1,3.629668554,6.538433248
E1095,24,Engineering,0,2,0.603709596,3.747053751,53.55629502,4,4.883796572,5,1,4.189912461,0
E1096,37,Finance,14,2,0.253014529,4.272268067,41.41200774,4,7.535001411,3,2,2.205902833,9.19152423
E1097,36,IT,9,3,0.368147783,5.153878798,37.63508369,1,10,23,0,3.859770086,0
E1098,35,Marketing,5,5,0.404679831,6.586687084,40.90151988,5,5.005961412,1,0,4.564274806,5.569806035
E1099,33,Sales,3,3,0.512238283,9.651994423,40.40011735,4,6.573234543,55,0,5,2.090486675
E1100,25,Engineering,2,1,0.516549266,5.030091146,41.65852426,1,3.214813956,35,0,3.764978208,13.86603274
E1101,32,Marketing,5,1,0.144536559,6.923036093,37.08755939,5,6.548597061,38,1,3.905442076,12.18786604
E1102,32,Finance,3,5,0.532767038,2.744204307,45.92028019,4,7.964075729,47,0,1.793452458,0.009194884
E1103,29,Marketing,0,2,0.378064009,8.120577282,43.85415105,1,8.080958847,10,0,5,4.719624556
E1104,33,HR,3,1,0.077543748,2.55663485,35.68059585,2,7.116045595,37,2,3.03960783,4.609933377
E1105,37,Engineering,8,3,0.309376574,7.596772944,46.84012538,4,8.333895137,3,0,2.753223073,9.507559486
E1106,48,Finance,3,3,0.290877733,5.838150093,37.94259232,2,10,0,1,3.295835092,5.091579854
E1107,36,Sales,0,3,0.480894266,5.758694115,36.08592249,6,9.568457031,30,0,4.709338731,0.451648805
E1108,36,IT,7,2,0.419323005,5.399470564,42.43664352,4,6.216218606,1,0,5,0.741102625
E1109,34,Finance,1,1,0.616445562,3.397494751,33.21078275,6,4.82334402,89,1,3.600326944,3.78772449
E1110,21,Sales,1,5,0.663565476,3.50345898,44.94751525,4,6.390772875,22,2,4.298467338,9.975785907
E1111,34,IT,0,2,0.769021922,7.673040312,30,4,5.579525852,28,0,3.534563239,6.906167345
E1112,35,IT,2,3,0.52164416,6.02387356,36.85318655,2,7.677021322,5,0,2.669763622,0.484807309
E1113,52,Finance,7,4,0.211627964,5.38488653,49.87568661,1,5.228209691,22,0,4.681394937,7.076591511
E1114,33,Marketing,3,3,0.099839131,6.886795901,38.56670395,3,6.890766351,0,0,3.002298016,2.604150866
E1115,37,Marketing,1,3,0.709873421,6.202620566,39.44207397,2,8.257021082,36,0,4.728424619,34.46634516
E1116,34,IT,10,2,0.284230272,4.4141369,48.36832527,4,6.848956191,3,1,4.538833064,16.76735717
E1117,26,Marketing,10,3,0.308142852,10,38.03568197,5,5.580529266,23,0,3.991229011,3.814684813
E1118,42,HR,10,4,0.143639493,7.481512757,45.81719091,0,8.762221086,5,0,4.963179805,9.212511868
E1119,40,IT,1,5,0.702433726,6.254137147,47.87094083,5,4.181528583,1,1,5,0
E1120,40,IT,3,2,0.385928163,4.972777396,44.39265157,3,6.508307416,13,0,3.35980531,3.426562033
E1121,28,Sales,20,2,0.548697267,7.905519378,34.77551339,3,6.937509965,3,0,2.852964705,4.996789445
E1122,44,Marketing,7,5,0.246156004,4.424864261,38.9800707,5,7.023862988,26,2,2.00858413,3.046294344
E1123,25,IT,0,4,0.586279994,4.256450518,55.56809889,0,7.270744084,5,0,5,16.18468962
E1124,39,HR,0,4,0.148971626,9.386651271,39.54738174,3,7.91565973,8,1,3.148254393,4.074183099
E1125,50,Sales,3,2,0.073862437,6.061350352,56.93164688,1,6.946888841,16,0,4.408029486,7.330589433
E1126,28,Finance,11,3,0.344605571,4.473301627,50.54482026,2,6.447912577,6,0,2.906995706,0
E1127,31,IT,3,4,0.175924338,6.011371396,44.5953477,3,6.388615983,9,0,4.730612513,6.615140108
E1128,35,HR,3,3,0.316470103,7.700373108,43.48617136,1,6.082726297,33,0,2.939905927,10.24705236
E1129,31,Engineering,0,3,0.403443868,7.242508908,39.67588322,1,8.181314986,3,0,2.546624693,2.07708841
E1130,24,HR,5,1,0.189429722,7.948524526,41.55543705,4,6.030207281,1,0,3.333194855,0
E1131,35,HR,8,3,0.179496274,3.500888195,38.55637922,5,8.270156664,7,1,3.074579439,3.920733696
E1132,27,Sales,2,2,0.306844252,7.898298323,41.68186798,5,7.028498623,11,1,3.977039828,5.364089379
E1133,38,Finance,7,3,0.329541339,5.641882448,35.18902554,2,6.21811779,15,0,3.458884058,32.66130204
E1134,28,Engineering,16,5,0.280043078,6.178201533,34.92114493,2,7.927610824,9,1,4.002161916,14.73520263
E1135,45,Marketing,1,3,0.415608665,8.418988987,48.50507831,3,5.908819113,31,1,3.267182822,3.047710645
E1136,29,Marketing,3,4,0.438772645,7.405451347,33.93845132,5,7.957276061,0,1,2.967914103,0.874700916
E1137,32,HR,1,2,0.377219759,6.702104962,46.43069077,6,7.319089182,11,0,3.033151562,0
E1138,40,Sales,7,3,0.190713142,2.032006634,32.52808902,3,6.105512966,9,1,5,4.221373317
E1139,26,Sales,4,5,0.550264026,5.908996289,45.14818802,1,7.792952223,20,0,3.680136746,6.869728748
E1140,36,Marketing,5,2,0.12789989,4.430649225,40.96207827,2,7.819884589,67,0,1.912990232,1.377837478
E1141,44,Engineering,7,1,0.259823241,7.422090609,48.60658101,2,8.736279409,14,1,3.083832789,9.036685682
E1142,23,Finance,2,3,0.160830794,7.981916374,40.34002771,2,8.449220519,86,1,3.577492826,8.00042435
E1143,36,Engineering,12,1,0.155455209,5.395937954,31.95229972,2,7.736911031,7,2,4.976319745,4.750615554
E1144,36,IT,3,4,0.069744614,4.665917048,41.05981857,2,5.308613573,0,2,4.322958973,0
E1145,40,IT,0,5,0.120481059,9.112601591,42.79830283,3,10,3,0,2.762625731,3.55385276
E1146,26,Finance,5,3,0.216725591,4.793704866,41.34011179,4,4.894575683,10,2,5,0
E1147,25,Marketing,7,2,0.43748405,3.610924986,44.8755391,3,8.423894761,7,0,3.475071708,5.224447263
E1148,38,Finance,1,3,0.283382299,4.334657694,39.17805951,2,7.646925725,2,0,4.497063849,4.228394761
E1149,37,Sales,9,4,0.126819173,4.890001224,35.68298419,2,5.238786441,11,1,2.575993202,4.360490913
E1150,36,IT,11,1,0.349971177,4.277273894,37.00175558,5,6.813548592,8,0,1.581469524,6.285384823
E1151,37,HR,1,3,0.154788207,7.690782767,39.42116328,3,6.881870671,2,1,2.373254808,6.622798151
E1152,30,HR,20,3,0.28502632,1.604173109,39.37825692,2,8.958374074,7,0,1,2.553929548
E1153,36,Marketing,0,3,0.251777446,4.234879177,54.03061179,1,5.93003365,43,2,5,4.061312381
E1154,37,Sales,1,2,0.262873584,5.905005109,48.27552708,5,6.60708249,7,0,3.671626335,0
E1155,29,Engineering,1,4,0.257446824,6.42049244,45.43354602,2,3.495895592,25,0,2.760284785,0.620561119
E1156,48,Sales,11,1,0.503906788,9.383669675,44.23006255,2,9.60214419,18,2,3.862099224,6.337307102
E1157,38,HR,5,2,0.291870337,9.090475426,43.49886118,5,5.394297635,11,0,3.651467229,1.499169241
E1158,26,HR,0,4,0.155456005,2.798525688,43.52500273,2,7.490366296,5,1,3.996746716,7.837415267
E1159,39,IT,2,4,0.187327867,2.183904119,42.81643027,3,6.847888255,9,1,4.467625121,0.089126663
E1160,28,Sales,4,1,0.355340992,6.049942525,42.20059541,0,6.85299855,17,0,3.268063078,5.184968913
E1161,40,Sales,0,2,0.519467808,4.653629527,31.54067953,0,8.214792977,8,1,2.796128555,4.49203467
E1162,43,HR,10,2,0.065009735,3.615947316,40.15436363,1,9.50689369,4,0,4.162220171,7.937228611
E1163,29,Engineering,8,2,0.161662324,6.032241795,40.79849597,4,7.377240505,2,1,4.141866222,9.189218468
E1164,41,Marketing,3,2,0.26086382,6.461394637,38.25513451,6,7.982617026,42,0,3.580588646,8.751323999
E1165,37,Marketing,17,1,0.100552698,4.322063121,39.21951532,3,7.493337305,11,0,5,0
E1166,40,Sales,2,3,0.273073835,4.75183051,43.50374509,1,8.526297136,19,0,3.149742302,10.19532552
E1167,48,Marketing,20,4,0.314428688,4.475916945,45.83795038,0,6.305625431,13,1,2.780113623,11.03773961
E1168,33,HR,5,3,0.382796201,5.177017518,43.49618231,0,8.613085832,41,1,3.834473142,2.075926263
E1169,29,HR,5,3,0.395388878,7.082888199,45.71222119,0,8.665749798,15,2,2.960049714,5.99354593
E1170,28,Sales,0,1,0.28998072,3.844188278,45.80054015,1,8.623805513,13,1,3.896413219,0
E1171,29,Sales,10,5,0.614053657,4.718630013,40.50147203,3,6.009778199,51,1,2.833593395,0
E1172,34,IT,2,4,0.138832139,5.201435714,44.62653731,5,6.747493549,25,2,3.179806174,0.6556987
E1173,37,Sales,0,4,0.50579222,5.98649519,33.2681376,7,7.359200483,2,0,5,2.39505348
E1174,36,Engineering,0,4,0.367801525,6.551968986,40.07837387,0,4.943736933,3,1,3.175530115,1.918600789
E1175,40,Marketing,4,5,0.104171465,10,39.49074205,4,9.392380312,30,1,2.860918765,1.532662443
E1176,35,Sales,3,3,0.167548874,7.144251435,49.65663401,2,6.9815852,36,0,4.436543031,1.267027351
E1177,45,Finance,6,2,0.458599874,7.191862694,43.68543646,2,7.425891831,15,1,2.65916644,4.632875124
E1178,33,IT,11,3,0.438469304,5.466773973,35.32772959,4,6.13449334,16,0,2.945645416,0.244367424
E1179,54,Finance,0,4,0.182307275,4.040268409,44.97291902,0,5.009683661,19,1,3.961248896,5.871310435
E1180,39,HR,6,4,0.189991523,4.94357197,46.54891673,3,6.093955172,11,1,4.250729139,7.407473012
E1181,28,Marketing,1,3,0.186294678,4.57933502,41.55168039,1,7.328806281,22,2,4.476381113,15.98939797
E1182,27,Sales,9,1,0.389148735,6.784461351,45.45127965,3,8.010143219,2,1,2.902222534,10.41160725
E1183,38,Finance,8,3,0.215620476,2.697437153,30,6,7.242687311,65,0,3.976806938,5.356939306
E1184,33,Marketing,3,5,0.489903352,7.185067439,30,3,7.520086024,27,1,3.12711344,1.838287271
E1185,39,HR,6,3,0.244693303,5.765520821,36.10665382,5,6.494460438,19,0,3.015475493,5.869329438
E1186,38,Engineering,1,3,0.707913078,7.466696465,42.7451985,2,7.744372849,7,0,4.462570226,6.713467485
E1187,34,IT,3,2,0.267391549,4.552183622,49.66081885,1,9.2242493,3,2,3.060356483,1.679205439
E1188,29,Marketing,8,3,0.264805756,4.19726057,36.36786156,4,8.057184164,10,2,3.722563677,8.200515747
E1189,24,Marketing,3,4,0.301392564,5.186662562,37.73161296,7,8.214312832,21,1,3.624463575,0
E1190,31,Engineering,2,3,0.210763759,5.138701494,42.44303195,2,7.441024599,20,0,2.643396499,2.876376895
E1191,40,Marketing,3,4,0.362725914,7.612696822,39.53840603,4,4.745267396,9,1,4.272874284,7.335349335
E1192,36,HR,8,3,0.530244709,7.593609666,39.25404615,4,5.433000204,19,2,3.948224715,3.28564592
E1193,26,HR,2,3,0.234600851,9.810046167,39.89262581,0,7.682313701,33,0,1.910967511,4.281465385
E1194,36,Engineering,0,2,0.232276805,5.009015711,48.57394246,5,6.983591422,0,1,3.721936889,3.617963796
E1195,37,IT,6,4,0.163066639,1,47.58067144,7,7.65976433,11,1,2.881621253,0
E1196,28,Sales,8,3,0.435806678,5.181154854,42.11734661,1,9.514635127,28,1,4.377660245,10.69915893
E1197,36,Finance,0,3,0.251076115,6.46131585,50.27240137,2,8.089053999,15,3,2.343680131,0
E1198,35,Sales,1,3,0.285152892,7.429061382,44.54514177,3,8.888329309,21,0,3.214818425,6.928820143
E1199,26,Marketing,0,5,0.158358468,6.607208543,47.76947067,1,7.142022084,14,1,3.789619641,6.574350521
E1200,37,Finance,2,1,0.161828726,5.007444934,37.69726714,2,5.789176484,96,1,3.543472235,0
E1201,38,Engineering,2,4,0.073672022,9.428328715,38.73161473,2,6.913200761,1,0,4.110366605,5.743875067
E1202,42,Engineering,6,2,0.306182605,3.932528399,38.67808854,1,5.792872279,13,1,2.285262411,0
E1203,42,IT,5,3,0.205566039,5.450710303,41.56638875,7,9.337442435,1,1,4.821531469,12.3530158
E1204,25,Finance,4,1,0.122472973,3.840180318,42.29956619,0,8.185586615,3,0,3.920115727,0
E1205,28,HR,2,3,0.460900534,6.039153524,43.62088654,8,7.780768745,9,0,4.58777457,2.020618958
E1206,38,Finance,9,3,0.27441619,9.178011518,51.86552434,3,8.853914803,3,0,4.199392135,0
E1207,38,Marketing,3,1,0.18384656,5.718148152,45.60639065,3,3.969915378,66,1,3.490711908,0
E1208,38,HR,19,3,0.335288065,5.730400296,39.4260415,0,7.882206927,58,2,2.472641431,12.30664449
E1209,61,Engineering,5,5,0.418743262,2.608075983,41.9836281,3,5.034031324,8,0,3.049157455,5.552177614
E1210,38,Finance,0,2,0.18445949,5.426015628,49.52471095,1,6.989116452,20,0,4.771650666,4.99229853
E1211,42,Sales,5,4,0.105065968,8.3009741,45.90939921,3,6.532438611,15,0,4.608350225,1.9067696
E1212,41,IT,1,3,0.22677056,5.499527669,49.45891082,1,7.992604918,33,1,3.004320016,8.901716588
E1213,39,Sales,5,3,0.218014588,5.364419572,39.58658368,1,7.342280933,19,2,1.245356571,0
E1214,32,IT,0,2,0.387298425,8.211429152,38.44169231,5,9.01767576,0,1,3.329848213,9.685521389
E1215,40,Marketing,0,2,0.496203301,5.372871774,38.51477649,4,6.097154259,28,1,3.269837689,0
E1216,29,Sales,9,2,0.682751823,8.584107264,39.99006754,9,8.063671584,27,1,3.30018191,0
E1217,33,Finance,1,1,0.412333031,3.430720809,36.68358495,2,7.243334825,14,0,3.922831361,7.489886584
E1218,31,Finance,9,2,0.1955938,7.35570795,43.47596531,2,4.547064595,46,1,4.200970063,8.722760764
E1219,35,Sales,1,3,0.021246656,9.292658415,43.56193622,2,5.622075312,47,1,4.292239638,8.259516968
E1220,51,Finance,5,4,0.317492534,8.015713795,48.69388985,2,6.77518295,14,1,3.856567312,0
E1221,21,Marketing,5,4,0.087879011,2.265452897,33.1986875,4,8.668438675,18,2,2.059383438,1.412018725
E1222,39,HR,3,3,0.347031597,4.723393517,37.27936222,1,7.695584586,113,1,3.227040214,5.27446394
E1223,23,Marketing,1,2,0.297540364,5.516096951,46.02790237,2,5.248748764,7,1,5,0
E1224,31,IT,1,2,0.120837071,8.019910993,42.91736559,2,6.789525658,7,2,3.799373388,11.76307452
E1225,42,Marketing,0,3,0.241854946,3.336763768,42.22401228,3,10,4,2,3.794255655,0
E1226,35,IT,1,2,0.371785603,3.962126659,48.3192692,1,7.166835002,45,1,3.787588752,0
E1227,27,Finance,5,3,0.346334051,2.78969714,36.95022899,1,6.509011637,27,0,3.832303698,0.726175092
E1228,29,HR,13,3,0.282991888,4.3483995,38.35635304,5,7.737609461,2,0,1.593510255,0
E1229,39,Finance,10,3,0.036309839,3.496786686,37.76744078,4,8.145089619,80,1,3.308380546,0
E1230,29,Engineering,7,3,0.452832075,9.19581172,31.93545978,7,6.315747479,26,0,3.469685735,8.814580809
E1231,36,Finance,7,4,0.329915119,4.705245459,42.66408767,1,7.753862162,38,0,4.525196319,4.470236809
E1232,35,IT,5,4,0.259972787,7.381850584,39.38573706,2,6.506665755,0,0,3.538138316,12.43762247
E1233,30,Finance,1,3,0.30834114,6.035939014,38.33549596,5,8.078991403,14,1,2.182790891,12.45408042
E1234,50,Finance,11,5,0.195954847,6.007922562,37.43287437,4,7.254539737,23,0,3.844071325,6.872854295
E1235,39,HR,5,5,0.750849553,4.817112361,41.91126654,5,7.722951741,15,0,2.856940281,5.945603931
E1236,20,Finance,4,3,0.374308726,7.540044974,38.00730243,4,5.861224681,21,0,2.526571487,4.940960928
E1237,36,HR,0,3,0.428914399,6.308688465,43.10783764,3,5.768070424,34,1,2.832672763,0
E1238,30,Sales,2,3,0.485000779,6.193487826,44.29590084,4,8.418245957,9,0,3.934003384,0
E1239,40,Engineering,3,5,0.156115131,4.81315878,40.5271118,6,6.880905428,37,0,4.507008992,5.128602855
E1240,29,HR,9,4,0.114454954,5.140448148,40.1876618,4,7.427552113,3,1,3.886343956,7.47710261
E1241,34,IT,3,2,0.237641478,7.177822235,42.927455,6,6.540406859,6,1,4.005618579,6.467640233
E1242,38,Sales,2,3,0.560445971,6.460111223,41.8557514,2,8.348090161,0,0,3.878436218,0.344496501
E1243,41,HR,18,3,0.164364701,6.246944629,48.65079678,4,6.08828503,9,1,3.581061741,9.06534532
E1244,26,HR,0,3,0.206616456,4.491915017,43.59132769,0,6.79659814,9,0,4.057544508,11.11257586
E1245,32,Engineering,2,2,0.352087068,9.888215407,47.47793,3,8.178989219,32,1,1.564979626,10.39590687
E1246,31,IT,0,4,0.466758751,5.040586521,45.05255501,1,8.759451549,21,0,3.588870681,34.39336609
E1247,30,Marketing,6,3,0.307841958,5.939494677,35.4079093,4,6.214361063,11,0,2.664059972,1.393918675
E1248,47,Marketing,12,4,0.166371268,5.625932742,39.20867562,2,9.939525973,21,1,4.430322058,0
E1249,37,HR,1,4,0.329460527,9.909422395,41.75951288,3,7.469862541,1,1,3.382275756,6.381426914
E1250,26,Finance,9,4,0.221530871,5.418370775,46.34222155,4,5.435607607,3,0,3.524758471,6.485904547
E1251,41,IT,1,3,0.074892895,5.235316118,51.63906499,5,7.553578073,19,0,2.295942501,6.225539943
E1252,49,Sales,12,3,0.21431978,6.236622296,39.57926435,2,6.425501178,20,1,4.313464711,3.816946163
E1253,42,Finance,7,2,0.40004091,4.612918221,42.27628049,4,7.651102731,29,1,4.001862496,0.141918148
E1254,24,Finance,8,3,0.256641749,6.223199434,45.99955641,5,6.935715629,10,0,3.945558306,4.332039165
E1255,31,IT,0,2,0.132378456,10,41.71086246,4,7.111410535,25,1,2.849581718,10.66409798
E1256,43,HR,16,3,0.679155349,6.599391111,50.22048389,5,5.632609935,23,0,2.881088124,2.227754009
E1257,30,HR,6,2,0.223264003,6.526491843,35.26106512,1,8.485091846,66,0,3.678879564,9.527788762
E1258,38,HR,1,2,0.114834984,4.564190214,45.39009958,3,5.265808949,4,0,2.944401272,7.132722845
E1259,40,HR,8,2,0.232420099,9.418414309,45.34106627,5,5.336852657,16,0,3.84791437,3.822237627
E1260,28,Marketing,1,1,0.274713097,9.878065402,47.76019349,1,7.551040524,18,0,1.771269918,12.25087076
E1261,34,HR,10,4,0.138465634,7.705360752,42.31025674,0,9.404266371,132,0,3.109964355,4.011436115
E1262,12,Marketing,0,4,0.271606493,7.307666446,46.45760609,1,6.471110354,4,0,4.937402772,12.21842225
E1263,27,Marketing,6,3,0.251451973,5.530469297,40.75430377,2,8.051458484,14,0,3.851588662,0
E1264,33,HR,3,2,0.206137407,6.782675162,37.99304365,3,8.610010265,8,0,3.633434932,4.992990762
E1265,26,Engineering,0,1,0.269185519,4.32968479,37.26398494,1,8.222026656,14,0,5,0
E1266,46,Sales,1,1,0.178508116,3.747772048,34.79298906,2,6.533187566,5,1,1.631237105,2.786012921
E1267,24,Finance,0,2,0.251581613,3.025280167,39.79320604,2,5.363429924,0,0,2.847751108,1.85680663
E1268,31,Marketing,3,4,0.229789417,6.821347947,43.55744189,5,3.688678651,16,1,3.179061463,0
E1269,35,IT,1,2,0.285282608,3.243251055,40.95933952,1,6.605739251,8,0,4.186680986,2.304335164
E1270,45,IT,4,3,0.205354542,5.000729194,42.9898305,3,8.767131053,4,0,4.200525091,0.623064384
E1271,24,Sales,1,2,0.506176857,5.87754125,48.17439509,2,5.313751023,7,1,2.807194633,6.67773817
E1272,43,IT,1,2,0.25914599,7.990580799,39.41256726,4,8.050314771,1,2,4.298363458,11.99090983
E1273,35,Engineering,6,3,0.054023689,4.843559667,53.70148249,5,5.574771205,60,0,3.177348186,0
E1274,28,IT,0,3,0.270495758,8.226544625,45.77621499,3,7.159108865,17,0,4.469311701,13.874676
E1275,38,Finance,11,2,0.23245975,7.878317826,41.01537139,3,8.061687421,33,1,2.673885842,4.602244907
E1276,36,Finance,9,1,0.406889253,3.857383345,40.90198953,3,6.010756845,11,2,3.401350721,0
E1277,30,Marketing,5,3,0.652142474,8.245650988,36.95935022,2,7.255727021,46,2,3.107866148,8.972580875
E1278,35,HR,4,2,0.213911964,5.432837756,41.87141518,3,6.377362995,13,0,4.344824297,2.008643329
E1279,32,Engineering,11,2,0.65673899,5.002097753,31.19201933,6,8.057722988,17,0,3.081775027,4.253642947
E1280,35,Marketing,1,5,0.424240972,5.441293449,48.27883088,2,7.352975753,13,1,3.466041177,2.234146928
E1281,39,Engineering,0,3,0.253436187,5.992988546,30,1,7.084761512,26,1,3.905449118,0.30121465
E1282,46,HR,1,3,0.281192817,5.169910799,42.20875487,3,9.33752494,16,1,3.936206786,8.475770655
E1283,26,IT,7,3,0.555714541,4.320616679,36.28005499,1,7.993459214,6,1,4.209562086,2.624477106
E1284,49,IT,0,3,0.385178353,4.497488813,38.49410674,4,5.964472201,3,1,3.668899821,0
E1285,21,HR,4,3,0.187464264,6.277885619,39.13924034,5,6.871204149,18,0,3.165400868,7.421277474
E1286,33,Marketing,26,3,0.438175598,5.679072896,51.62813064,2,6.886151822,13,0,3.220241004,0
E1287,39,HR,9,4,0.382351818,7.054619387,36.48374647,3,7.120479359,2,1,3.520537852,0
E1288,36,Sales,3,2,0.356677327,6.104725794,46.57129772,0,10,10,0,3.699673981,10.89939986
E1289,30,Finance,0,3,0.424128485,6.154027992,47.80200915,1,7.556277839,14,0,3.382262682,0
E1290,33,Marketing,8,3,0.122865269,7.18562447,30.307859,7,3.946146145,35,0,3.515362737,0
E1291,31,Engineering,4,4,0.317064833,8.837836144,38.92323617,6,6.185801542,1,0,2.286196912,8.26003819
E1292,30,Sales,0,3,0.177633417,8.918044697,49.42229546,2,4.101441869,8,0,4.033884228,3.026539363
E1293,40,Marketing,0,3,0.511882527,8.68081284,35.42613275,2,6.505302614,34,1,3.644889831,4.059027375
E1294,37,HR,12,2,0.38879419,7.740898339,47.99138018,3,4.019034655,20,0,4.301496331,2.799750649
E1295,30,HR,5,3,0.44955485,10,41.91066709,4,5.692614293,6,1,3.500128406,6.536522529
E1296,41,HR,8,2,0.499917763,6.875647532,41.69451335,3,4.718917706,37,0,2.109281937,0.280219767
E1297,37,HR,10,3,0.289452362,6.651091631,42.34745806,4,7.576240267,13,0,3.213243049,12.21694839
E1298,40,Engineering,4,2,0.363180908,10,43.71285916,1,7.000809044,13,2,3.340056062,0
E1299,39,Sales,3,3,0.185784432,1,37.22180908,4,7.454443461,75,1,4.094322644,5.777133845
E1300,29,IT,2,2,0.230874703,5.572207023,40.69790233,3,6.843172917,58,0,1.843781164,7.45962753
E1301,31,Finance,1,3,0.349046044,8.504991458,43.85299207,4,4.908553375,8,1,3.532943614,0.950318519
E1302,40,Engineering,2,4,0.244166436,7.960525905,42.8844292,4,7.770282054,3,0,3.910940173,0.213697085
E1303,39,Engineering,7,2,0.411234492,10,43.74612781,4,9.88333684,7,3,2.970809692,11.43732673
E1304,34,IT,4,3,0.245760286,6.214971437,38.40656478,3,7.613818868,0,0,3.559702408,0
E1305,35,IT,11,3,0.038096125,5.138364795,45.16149605,0,6.361113101,0,0,2.998370793,0.548223629
E1306,43,Finance,2,1,0.562367338,5.335830507,42.63237838,4,4.857899236,10,1,2.916341653,8.139220021
E1307,30,Finance,4,4,0.129007084,6.636136326,34.09649974,3,5.637899544,56,1,3.17326412,4.630011569
E1308,38,IT,4,1,0.402197107,9.243295192,39.34314242,6,7.679559485,41,0,2.931446406,0
E1309,33,HR,4,3,0.172205725,9.268282018,37.5224774,1,8.60967704,14,1,4.04689465,14.44523379
E1310,33,Engineering,6,3,0.170362078,5.887970656,37.45810954,3,7.391299262,16,0,2.912038499,1.780967993
E1311,42,Marketing,1,3,0.262121409,6.506016973,39.61759935,3,8.199830935,0,2,2.777671994,2.704627175
E1312,40,Finance,3,3,0.060396517,4.776796842,45.06735968,3,8.061517366,4,0,4.914342933,5.784491096
E1313,40,Finance,0,2,0.517633573,4.985568905,38.86603875,3,7.759801587,0,2,4.268592009,7.501293855
E1314,44,IT,2,1,0.122682165,8.092514427,43.12528943,2,6.012289607,28,0,2.010789311,14.37796658
E1315,35,Sales,3,4,0.161376042,9.204422777,42.30581284,3,7.260885268,3,0,2.888185368,0
E1316,39,Marketing,5,3,0.067765281,4.605432639,38.10473798,3,5.727433294,40,2,3.693970377,7.997344716
E1317,32,Marketing,15,4,0.103195328,6.485912704,40.27592435,3,7.026143429,20,2,3.759004054,8.381208747
E1318,37,Finance,4,4,0.243129264,5.513843888,46.32424612,2,7.496295297,5,1,2.307605707,3.413543292
E1319,34,HR,6,4,0.382929891,7.727743319,42.74903153,2,9.518175711,3,0,4.426852394,9.513263257
E1320,35,Sales,3,3,0.514377297,5.222967955,44.74413931,2,5.035402038,19,0,4.160179535,8.416137915
E1321,39,Marketing,5,3,0.133371745,2.147090121,48.36248272,5,7.722261446,46,1,3.885521306,0
E1322,29,Finance,0,4,0.091982487,8.007381422,44.17468527,2,9.221854887,25,1,4.585382793,39.4693181
E1323,49,Marketing,1,3,0.144532299,5.39303274,32.39655567,6,8.138271649,8,1,3.861831994,0
E1324,27,Sales,2,2,0.376759497,5.601112568,43.35298858,4,8.249418164,17,0,3.858864703,0
E1325,26,Sales,3,4,0.134414742,6.871175833,38.90944284,3,7.881542353,7,1,4.746143417,3.769721483
E1326,43,Engineering,0,4,0.318748406,6.705667286,51.05151305,3,8.947501735,141,1,4.380975665,15.53542454
E1327,40,IT,0,3,0.440926094,6.912243318,43.99634704,0,5.368782748,27,0,2.826794033,2.433604638
E1328,39,IT,1,1,0.09582705,2.74053367,39.01280851,5,4.921110001,19,1,4.006556143,3.088751572
E1329,39,Finance,17,3,0.127008083,7.112618024,44.83255965,2,6.990498789,11,1,2.968585708,11.74209098
E1330,34,Sales,2,4,0.321777826,2.181887299,42.45395451,3,3.758256845,19,1,3.903323641,1.073038234
E1331,28,Engineering,3,5,0.455299734,7.539130288,33.41021343,3,8.845968706,8,0,3.881290806,0
E1332,35,Engineering,1,2,0.40370219,8.236762564,46.31530391,4,8.831072793,0,1,2.39322615,3.351606714
E1333,30,Marketing,4,1,0.04492351,3.262959715,39.97230043,2,6.349974167,10,0,3.402523511,10.18071915
E1334,41,Marketing,1,4,0.808868348,6.656865981,49.10309146,5,6.443844105,53,0,3.712205619,5.284176649
E1335,33,Engineering,1,3,0.376046212,8.114358259,41.37784608,1,6.891478787,19,1,3.150967847,14.47811365
E1336,29,Marketing,3,3,0.18615921,5.101992759,49.19646742,4,7.078030976,1,1,3.751767954,7.957545396
E1337,32,Sales,0,5,0.355069464,7.347272731,44.12449075,0,7.190760879,43,0,4.144718222,1.61453509
E1338,37,HR,0,1,0.171708561,1,46.87061685,6,7.83734816,6,1,3.475525549,3.666047395
E1339,31,Sales,1,3,0.40227642,8.196392236,39.54090255,2,6.74106047,5,2,3.679679581,0.655044135
E1340,29,Engineering,0,1,0.186992612,6.059988477,43.7650309,2,8.414789955,7,0,4.606739263,1.505539768
E1341,36,Engineering,0,3,0.064417664,5.484341247,33.36882608,1,7.668921666,17,1,3.878557267,26.72473764
E1342,36,Sales,2,4,0.322109417,7.968082906,41.36481549,4,6.089554831,15,1,3.660659432,10.03003504
E1343,31,Marketing,8,3,0.333340941,9.458579351,34.57734229,1,9.002669002,13,1,2.733536496,9.968761475
E1344,31,Marketing,4,5,0.361717553,6.971431683,36.2851143,4,4.962614521,25,0,4.036820809,1.34670468
E1345,36,IT,3,3,0.116175329,9.217427766,37.54597867,3,6.861751284,7,0,3.76411996,13.22820448
E1346,24,Engineering,1,3,0.424075883,2.893433495,45.30210468,2,8.450376102,30,2,4.526991547,9.506750815
E1347,25,Finance,13,2,0.373225362,7.331897676,41.26319933,3,5.915390343,3,0,3.537502835,13.93214876
E1348,29,IT,2,3,0.183333748,5.735992294,42.15713505,3,7.46433347,30,0,2.0469868,13.50949982
E1349,33,Marketing,0,3,0.228334498,4.423561791,41.12706138,3,7.815009395,21,1,2.139903305,0
E1350,37,Sales,4,1,0.528122475,2.14263713,47.40360249,1,5.709214198,22,0,4.088544611,0
E1351,45,Marketing,0,3,0.287443642,7.223574098,42.02020979,2,6.891283421,13,1,3.043845122,0
E1352,41,Sales,2,3,0.450501721,7.750580107,43.24418539,4,6.765244255,21,1,3.849414201,0.379194009
E1353,33,IT,3,4,0.330483636,8.684045502,39.14873404,2,6.172393222,1,1,3.591386116,6.509281695
E1354,34,Engineering,10,3,0.560164735,8.352980875,47.74704647,5,10,38,1,3.366528266,3.366856242
E1355,27,Marketing,3,4,0.309365277,4.456580626,48.12194643,4,5.85534047,1,0,3.422910972,14.08223865
E1356,34,Sales,6,1,0.441030391,8.581411031,41.81555523,4,8.507395441,3,0,2.807688396,15.06082484
E1357,32,Engineering,24,2,0.291617909,8.792695008,39.07852485,3,6.410798475,17,1,3.487377849,5.116306828
E1358,37,Finance,0,3,0.312261726,5.480032149,33.92011833,1,5.370045717,26,0,3.032405254,13.44801294
E1359,29,Sales,1,3,0.313055033,6.056856527,37.65701785,0,7.154221365,1,2,3.202194784,11.53161465
E1360,38,IT,2,1,0.075831348,4.131691586,31.16454969,2,7.973640077,50,1,3.241080764,1.915546814
E1361,45,Finance,2,4,0.419757844,8.961772581,37.4467874,1,8.380764363,72,0,3.318645384,0
E1362,34,Finance,2,4,0.259052049,2.976425708,43.78485049,1,9.343397666,18,1,4.237738765,2.964596019
E1363,37,HR,11,3,0.186114747,7.069941345,41.74800025,4,10,13,0,3.396167337,2.372296849
E1364,39,Marketing,6,1,0.119550281,4.806341624,53.61633492,1,7.375771306,27,0,4.318961869,5.20121772
E1365,32,Sales,4,4,0.042997306,3.784294361,40.14471643,3,6.005361739,7,1,4.730283961,4.127312772
E1366,36,Finance,1,3,0.60579241,2.250543439,39.7543413,5,7.67931149,13,1,4.183955721,4.102672557
E1367,35,HR,8,4,0.320870048,5.569187744,47.313848,4,6.600680574,49,1,3.927574828,7.173486398
E1368,35,IT,15,4,0.241515386,3.470829771,32.36531856,5,8.388949195,62,0,3.761465768,0
E1369,29,Engineering,8,4,0.190235579,6.112838907,34.59116389,4,5.054253555,52,0,4.192286967,6.443059494
E1370,35,Sales,0,3,0.383192783,9.538674647,45.31920681,4,10,6,0,3.571488591,4.129244918
E1371,38,Finance,5,2,0.311980236,6.399014653,41.02287899,2,8.284072142,5,0,4.287655877,5.858781812
E1372,45,Marketing,0,3,0.210030985,9.994561005,41.13751983,0,4.473993973,7,0,3.991284644,9.537608717
E1373,41,HR,1,3,0.107481462,4.035453493,37.31424421,2,5.936456647,11,1,3.212127631,0
E1374,50,Finance,0,4,0.261051598,3.4381184,43.19885087,5,8.224121566,7,2,4.216680704,2.848499754
E1375,29,Marketing,4,2,0.658143541,3.945968824,37.95988373,6,8.764516084,9,0,3.573184005,3.963226099
E1376,41,Finance,5,2,0.238773158,5.869798922,42.36371664,1,5.091643559,19,0,3.415094394,1.169769868
E1377,36,Sales,0,4,0.322398022,10,36.20758219,0,8.069538776,28,1,3.119040672,10.12438828
E1378,50,Sales,2,4,0.19127116,2.675770573,41.08801506,4,4.078990191,26,1,3.632815078,0
E1379,29,Sales,3,5,0.371010612,7.239326236,52.1243447,4,6.865996202,33,2,4.297170092,2.320870438
E1380,29,IT,2,4,0.216489349,4.600069328,39.87532105,5,8.668070263,0,0,4.211152004,1.1291155
E1381,30,IT,0,3,0.172987237,5.552393898,41.34120906,3,6.172726405,0,0,3.782715038,9.536584083
E1382,20,HR,2,3,0.510258712,3.483960177,40.98738501,1,4.739616551,31,1,3.979714913,0.619828866
E1383,31,Sales,6,4,0.089461491,7.758276648,42.87265704,5,7.219322195,15,1,4.517357433,7.685144112
E1384,29,Marketing,0,3,0.625946483,5.912149734,44.3407599,2,6.0929217,17,0,3.380026967,13.9674049
E1385,36,Finance,0,3,0.282525396,8.174907101,43.28618875,4,7.944337549,1,1,2.607663997,4.860614016
E1386,37,Engineering,2,2,0.42412279,6.350490388,43.39657921,1,5.672010352,5,0,4.540903882,9.689588687
E1387,48,Marketing,14,3,0.311101331,2.136752046,41.09583308,4,5.841044666,20,0,3.076177398,11.41948381
E1388,41,IT,5,4,0.085572427,8.193085592,42.50144861,6,3.968496519,39,1,2.947729501,9.823167033
E1389,30,IT,5,2,0.274333463,1.973998735,40.93022285,1,7.254917067,49,0,2.063041796,2.976378577
E1390,28,Marketing,2,2,0.150383776,2.260194634,32.93820647,3,6.758642593,13,1,3.957026443,6.5368118
E1391,38,IT,4,3,0.294140753,4.16559464,55.15307505,2,5.217422994,15,0,2.2028379,0
E1392,25,Sales,0,2,0.265437862,4.192288916,45.64086375,2,7.290698071,35,0,2.899792954,0
E1393,47,HR,5,2,0.094302564,8.792042731,37.10340397,4,8.540605451,15,0,3.970589436,2.819976689
E1394,43,Finance,12,3,0.661485669,5.657687226,43.15030202,5,6.676648085,14,0,4.077537002,15.75115934
E1395,31,HR,4,5,0.523004321,8.494770584,35.26929639,1,7.402250425,47,0,2.978636681,1.117866712
E1396,23,Finance,10,3,0.194714925,4.864165043,39.52899225,2,7.409966874,31,1,3.392677338,0.038259076
E1397,44,Finance,6,2,0.23209496,6.635292738,34.59005729,4,5.193505259,47,1,2.801924379,0
E1398,34,HR,0,1,0.198085688,6.948084623,41.74407577,4,10,4,0,3.06128257,8.262676582
E1399,43,Marketing,11,3,0.263325336,7.392130834,34.09322387,4,6.293725255,14,0,3.712972208,5.531123359
E1400,23,Finance,0,3,0.130655063,5.070147651,43.94211447,6,7.984174303,36,2,3.098682657,10.19568515
E1401,30,HR,3,4,0.258110515,5.244290222,45.4111054,3,8.153822916,2,0,3.304627968,7.773735321
E1402,35,Finance,0,3,0.227341304,5.403738841,37.865097,4,6.790607309,31,0,2.328234655,0
E1403,35,Engineering,0,4,0.359598893,2.695175219,42.80447102,4,7.910192538,4,0,4.406364932,0
E1404,31,Marketing,2,2,0.580308065,5.832196273,37.60017824,1,7.368728833,33,1,3.908053275,11.26969282
E1405,39,Sales,1,3,0.644106488,5.23263149,44.55865482,2,4.873540364,18,0,4.134324297,2.68183196
E1406,27,Finance,3,2,0.283819628,7.160145788,38.55690976,1,6.501590948,4,1,4.53234026,10.5112516
E1407,34,Engineering,4,5,0.507809844,6.182602342,45.94485063,2,6.081173646,12,0,2.8398297,3.31264383
E1408,35,Sales,0,3,0.701425986,8.672763607,32.9420409,1,6.307382438,22,0,3.213284414,0.032385212
E1409,38,Sales,0,3,0.208825965,6.14017695,36.97512042,8,5.043995233,20,0,1.984132506,2.784367881
E1410,39,Finance,4,2,0.098581197,4.875588608,36.45591839,2,8.689650575,11,1,5,0
E1411,27,HR,2,2,0.156056943,6.115394444,43.01676879,2,9.402988982,45,1,3.380331748,2.289651529
E1412,24,Finance,6,3,0.046876057,7.448334482,44.7754485,6,8.467004464,14,0,4.33098232,6.675527341
E1413,43,Engineering,5,2,0.579886235,2.453585184,43.40318683,2,8.905793836,14,0,2.509471085,6.166970129
E1414,37,Sales,9,3,0.432350043,4.569502962,39.45511736,2,6.483047744,1,1,4.297110741,0
E1415,29,Finance,5,2,0.527469743,4.611646528,30,0,6.045614748,51,1,4.986072701,3.810968513
E1416,45,HR,2,3,0.399227942,6.821980406,42.19351147,1,5.83211943,3,0,3.451775401,1.204311611
E1417,35,Finance,5,4,0.082764097,7.054573079,45.94024542,1,7.966097384,15,1,2.691294803,1.444516446
E1418,43,Marketing,1,4,0.246659667,6.202455456,55.40254436,4,7.34059458,32,0,3.388962879,5.427652809
E1419,35,HR,1,4,0.568243526,1.042723762,39.8780239,2,6.884167433,4,0,1.71859078,0
E1420,49,Engineering,7,2,0.391257302,2.696163634,38.67342245,5,8.942722816,14,0,3.469690639,36.04567336
E1421,47,Sales,2,1,0.332819842,5.522136357,43.60127391,3,7.607412031,5,1,4.156773711,10.44731935
E1422,33,Finance,8,3,0.112838746,4.997061153,40.71920778,3,5.742013544,28,0,3.471393885,9.804472284
E1423,41,HR,8,3,0.064278357,6.010740758,48.37686704,5,5.978636756,16,1,3.272688356,1.894233692
E1424,39,Marketing,9,3,0.331701632,5.061203675,37.95905671,3,8.022989949,38,1,3.922054493,0
E1425,44,HR,12,1,0.502190207,9.063284932,40.75576141,3,8.562599279,44,1,3.983219878,6.387267928
E1426,28,IT,2,2,0.569700811,1.41211683,46.38106537,5,7.827520348,20,0,2.17207555,2.554584637
E1427,39,Marketing,1,1,0.278069786,6.605255263,43.54182156,4,9.845333122,25,0,3.57105837,2.459452803
E1428,42,Engineering,4,4,0.642799617,7.656020812,47.80603836,1,9.452510749,15,2,5,0
E1429,22,Sales,2,2,0.108919238,7.403076917,39.81716974,4,7.661553752,9,1,2.431987003,4.738519717
E1430,26,Engineering,4,3,0.514184109,7.574545976,48.31642251,3,5.742129011,20,1,3.431664934,2.602298534
E1431,20,Finance,6,1,0.121319238,7.862231817,33.68079813,1,5.035018732,47,0,5,8.144159413
E1432,33,HR,5,3,0.113413748,4.792040227,33.88097344,3,6.418927382,10,0,4.383340125,7.37537519
E1433,40,IT,2,3,0.35571967,3.797032486,48.39519958,2,8.12982017,7,1,3.089282655,9.373956214
E1434,45,Marketing,0,4,0.185708678,1.930636655,42.03674788,3,9.739970619,9,0,3.664908304,0
E1435,35,Marketing,2,4,0.182333272,5.274794333,46.60407933,1,7.626170552,11,1,3.498310656,6.174019075
E1436,46,HR,0,3,0.304890583,4.444933752,42.49735479,1,8.753084191,1,0,2.901542557,0.424654026
E1437,25,IT,11,5,0.398827267,8.323217627,41.96479546,2,6.632038771,13,0,3.440598314,0
E1438,23,HR,2,5,0.367242427,5.42488378,35.3598957,4,7.934153688,13,0,3.276027094,2.424396435
E1439,34,Finance,0,4,0.105793004,3.939188526,41.86580216,2,8.235035244,17,0,3.59019915,9.407570142
E1440,37,Engineering,0,4,0.470033848,3.622929092,48.80803618,2,4.030608586,9,0,2.901293455,0.913133125
E1441,34,Marketing,5,2,0.564671756,9.977640108,42.28335147,4,6.379841796,18,1,2.47870544,13.2773316
E1442,20,Finance,5,3,0.508793566,5.95582737,45.41039098,2,8.424550576,42,0,3.466975381,7.56732474
E1443,34,Engineering,2,1,0.208012866,4.436991073,45.2718698,3,7.411702503,62,0,4.872094575,2.554384739
E1444,25,Finance,0,1,0.298849234,6.248083616,36.93645992,4,5.205227428,17,2,3.565762341,9.995838437
E1445,39,IT,2,5,0.162360247,9.793778312,46.28565166,5,3.354816436,0,0,3.234724977,6.98903021
E1446,37,Marketing,1,3,0.354831491,5.220638715,40.43135638,3,6.451328882,69,0,4.103268644,0
E1447,28,HR,5,4,0.393804688,7.374021419,40.70173796,2,6.892621461,24,1,3.37334431,14.05537662
E1448,31,HR,4,4,0.391771915,8.372922075,52.48847595,5,5.674115575,8,2,4.99442634,6.516963583
E1449,27,Engineering,2,4,0.523608184,2.217152216,44.98651683,4,7.214627406,3,0,3.496869993,3.502313975
E1450,34,Sales,1,5,0.218637684,4.723175163,38.80748988,1,7.759580121,3,0,4.060397651,0
E1451,41,IT,22,2,0.437684297,8.122173256,42.32269032,5,8.006030756,3,1,2.896316494,11.28529848
E1452,28,Engineering,3,1,0.465398085,4.601393122,42.18309963,2,3.466121613,0,0,3.902471403,5.618696187
E1453,38,Sales,5,3,0.219000559,6.829250799,50.43046577,3,5.028572353,46,1,3.720074782,7.540120447
E1454,31,Finance,0,2,0.170787374,4.483036802,42.1973029,2,6.543066027,15,2,3.4547951,1.236240095
E1455,29,IT,3,1,0.63491234,5.108896193,53.03999327,10,7.858259697,24,2,3.098593791,9.25252571
E1456,34,Finance,0,3,0.410603811,4.865272389,35.51633651,4,7.73385102,35,0,2.989575867,8.97554882
E1457,27,Marketing,3,4,0.301690894,7.273340307,41.83823623,3,7.707804922,31,0,3.725882131,1.778944448
E1458,31,IT,16,3,0.191767251,6.403160228,38.18572279,4,6.424873087,42,2,4.003151288,0
E1459,26,Sales,2,3,0.316980472,6.19771889,39.52585697,5,6.508549844,68,0,3.398269763,7.743058889
E1460,48,Marketing,0,3,0.054529665,10,39.63439248,3,5.907506097,11,0,3.729814343,0
E1461,35,HR,0,2,0.116461658,9.479394814,38.4434666,1,8.152291192,60,1,3.469668257,6.56242037
E1462,30,Sales,2,1,0.178935063,2.037512759,50.65085902,2,5.619266818,25,0,3.57882082,0.641668131
E1463,36,Engineering,0,4,0.480661258,5.113180654,49.11280164,3,8.275054593,1,0,3.339644014,10.5019905
E1464,34,HR,0,3,0.436738576,10,44.01322256,2,7.311779857,22,1,3.514378063,3.70088222
E1465,33,HR,7,4,0.442319929,4.850819939,39.62824053,4,6.932433282,23,0,5,9.989719162
E1466,39,Engineering,3,1,0.069827577,10,38.58383479,5,6.0149344,47,0,3.749307439,3.230082494
E1467,40,IT,1,4,0.165083876,5.14734637,45.70904371,0,4.966687208,9,0,4.016237567,8.433266373
E1468,31,HR,11,3,0.502184849,5.532004859,43.50075476,2,6.028520865,17,1,3.850418884,14.33100223
E1469,30,Sales,0,3,0.280411787,7.727142718,41.27587023,3,6.504989697,0,0,3.289746541,0
E1470,33,Marketing,15,3,0.589139128,5.81958565,44.70596504,4,3.446463533,8,0,4.535191371,5.187948892
E1471,18,HR,1,4,0.087677554,6.989249279,46.4553527,2,6.703967267,1,1,3.267068984,18.21173903
E1472,24,Sales,10,3,0.150393919,9.149897399,41.22979985,0,8.386536052,14,1,4.344043639,5.896153913
E1473,44,Finance,4,3,0.441303361,7.517601868,38.06337044,2,7.850826858,34,0,3.232634402,5.381823786
E1474,46,Sales,8,5,0.159247362,6.283064264,35.39442167,1,6.255691186,4,1,2.732021985,7.92114011
E1475,33,Marketing,20,4,0.287395141,9.347053683,43.25315837,4,7.070404448,14,0,3.792316967,5.815969082
E1476,39,Sales,1,3,0.341919816,7.753374952,52.83622987,1,6.165753146,4,1,2.616265315,0
E1477,37,Engineering,16,4,0.451281517,4.532913674,36.44668365,2,7.2231411,2,0,3.92851218,9.626373078
E1478,56,Marketing,2,3,0.167078851,9.960150467,47.49734541,1,9.310161736,14,0,2.544673075,0
E1479,42,IT,2,2,0.175959078,7.284731184,38.6222192,4,8.452748204,1,1,3.244793576,3.106367187
E1480,34,Finance,2,3,0.505857504,5.572646462,39.62984232,1,7.781191459,17,0,2.354616243,10.19241299
E1481,28,Engineering,3,5,0.617687219,1.958364831,46.5746174,2,6.260672631,0,0,5,1.319965464
E1482,23,IT,0,5,0.293242004,3.24484724,40.72370922,4,8.124907589,2,0,2.176832352,0.27272346
E1483,36,Sales,4,3,0.423464491,9.400269821,43.24129898,3,4.469684573,15,1,3.507850992,9.234999264
E1484,29,Marketing,3,3,0.254387339,9.479330504,43.14547378,9,6.621469777,17,0,4.414643419,1.890789174
E1485,25,Finance,7,2,0.167837594,6.170568137,38.63026169,1,7.87556713,0,0,4.329108727,0
E1486,30,Engineering,8,5,0.397181327,2.459511648,46.47548778,0,8.110631821,17,0,4.181073698,4.850242442
E1487,27,IT,2,5,0.262199664,3.826049493,41.69208906,1,8.004826735,36,0,3.246217289,3.001337633
E1488,46,IT,1,3,0.321123381,2.752463296,35.05744876,2,7.442246034,25,0,4.580871157,0
E1489,41,Finance,1,4,0.174446151,2.67977748,37.5375799,1,6.706412531,2,0,4.230712873,6.409906008
E1490,34,Sales,1,4,0.369403205,10,30,0,7.806963955,17,0,3.669839694,7.909654971
E1491,45,Finance,0,3,0.167205272,10,42.25996016,5,5.570708439,22,0,3.692464606,3.757771718
E1492,35,IT,2,1,0.705309971,3.758305693,48.52033232,5,5.732984105,0,1,3.256861882,2.092606986
E1493,28,HR,1,3,0.310051364,5.982530048,36.76425086,7,7.092602015,38,1,2.772278379,7.225714985
E1494,45,Engineering,16,3,0.360425647,3.43040768,44.92769129,2,7.259796464,47,1,4.48972078,9.904336636
E1495,38,Finance,4,3,0.375965216,5.969523907,44.15283692,4,4.261577232,38,0,4.549766395,2.714750389
E1496,27,IT,2,3,0.096430525,9.278607767,38.24061237,6,7.682719571,34,2,2.792712687,9.166611591
E1497,33,Sales,4,5,0.340187277,8.157438102,49.68267078,3,8.159092567,27,0,3.376971868,8.254551438
E1498,28,IT,0,2,0.2782991,7.617325531,40.6366978,7,6.884072144,20,2,3.385261427,9.710541373
E1499,25,Sales,2,3,0.361235473,5.611640525,52.0513419,3,10,22,0,3.473875277,5.311119443
E1500,41,Finance,4,3,0.220727935,8.523934232,33.82160515,4,5.975597341,32,0,3.551435903,0.58216742
E1501,48,Sales,3,3,0.322414158,7.293337493,40.65432224,2,6.458369255,21,0,4.257489169,2.433721171
E1502,25,Marketing,2,3,0.05173256,6.807831163,41.24873988,3,6.407399641,7,0,2.902226153,6.128800511
E1503,38,Marketing,25,2,0.453435583,5.769181324,41.79693489,2,6.885718583,9,1,2.822922407,13.2129443
E1504,30,Marketing,10,2,0.46676103,6.636745879,45.58165492,2,6.506912781,45,1,4.489295794,2.296048212
E1505,31,HR,4,3,0.451162767,6.576503156,58.99063659,5,4.889784183,0,3,3.129884206,8.188816841
E1506,30,Finance,4,3,0.402526844,4.91713671,44.27533077,2,6.180177556,24,1,2.489571717,2.073338906
E1507,28,IT,4,2,0.119395501,4.450166933,42.12120121,3,6.853568956,61,0,3.111896046,4.672570505
E1508,35,IT,1,4,0.430811698,4.006186079,36.51900238,4,8.842858123,24,0,3.235957812,11.99494777
E1509,29,HR,2,3,0.339482464,4.134273776,32.54946764,1,10,102,3,4.743970182,8.883340567
E1510,36,Sales,0,3,0.516992147,5.623794249,47.85130416,1,9.003210847,23,1,4.23986097,0
E1511,34,HR,3,4,0.054650158,5.294630202,39.26607922,3,5.836931455,0,1,4.418016493,1.147949279
E1512,33,Sales,3,2,0.125616151,4.758532507,55.02079177,3,5.956285584,35,0,4.155978914,10.29613471
E1513,28,Sales,1,1,0.202816099,4.610437051,46.34105809,3,6.761007134,6,1,4.256994937,4.751322352
E1514,30,Engineering,16,4,0.43221232,6.583760052,43.70779737,3,9.676838333,11,2,2.949534299,0
E1515,40,IT,12,3,0.603635652,8.755214894,43.97064448,1,6.751863922,7,0,3.341118276,0.855935965
E1516,38,Marketing,6,3,0.399075854,5.978168638,44.01988383,3,5.008738764,6,0,2.70806775,7.299313058
E1517,28,Sales,3,4,0.178631121,5.8473384,38.52716527,3,6.248234295,11,0,3.331609576,9.143052936
E1518,35,Engineering,10,4,0.133958749,4.130226615,33.24248648,0,8.135584003,9,1,4.047283993,4.014333091
E1519,40,IT,0,5,0.183221733,5.553860376,39.24657437,2,8.034910415,20,0,3.607666628,16.89260472
E1520,23,Marketing,7,3,0.141666283,8.380672681,41.90821888,1,6.699675,33,0,4.549184655,9.25726007
E1521,38,Sales,0,3,0.246989651,8.074922207,38.76091349,3,8.02512201,7,0,2.586867366,3.934381921
E1522,30,Sales,7,3,0.181810323,7.935947489,35.56958225,2,3.590241696,4,1,3.900190681,0.004843032
E1523,38,HR,1,2,0.228443645,7.871737658,38.25894843,1,7.155743853,21,0,2.501357759,0
E1524,29,HR,10,3,0.181271684,6.873465111,47.17866233,3,8.291028132,22,0,3.575341175,6.758204345
E1525,22,IT,14,2,0.039861594,6.802414327,45.74097892,3,5.750705087,46,2,4.092266738,2.178355356
E1526,23,Marketing,0,5,0.408771942,6.489500653,42.85704898,4,5.745492195,0,2,3.328397947,12.65120171
E1527,35,Sales,3,3,0.361031552,5.16622944,44.93548963,1,4.200327771,38,0,3.940901283,10.81264498
E1528,36,IT,19,3,0.223487051,6.167398797,36.34033266,1,9.384843392,14,1,2.732214132,7.941595345
E1529,28,IT,3,3,0.406876639,6.431199367,38.02287604,7,5.919769034,19,1,2.169048017,0
E1530,39,Finance,9,1,0.098664135,7.266337207,43.55507537,1,7.361564917,1,0,3.945623698,1.356041583
E1531,23,HR,4,1,0.551829814,6.200512974,36.97745585,5,7.905875562,11,0,4.895208187,36.40429164
E1532,34,Marketing,2,3,0.484025864,10,42.54199124,0,9.268101924,5,0,2.703164048,2.932169089
E1533,26,Sales,1,1,0.254160723,3.580375606,35.68737703,7,6.769153339,5,0,4.477755344,9.773772988
E1534,30,IT,1,3,0.165512773,7.5089514,33.75193535,3,6.190855309,14,0,3.534738727,7.073629671
E1535,35,Sales,7,4,0.452200137,5.917512587,45.68039378,1,7.259601473,33,1,2.431446783,4.478460586
E1536,28,Finance,2,4,0.088085922,6.004292564,47.13522926,4,8.926120415,27,0,2.594795759,1.442873172
E1537,32,Marketing,3,3,0.306274176,4.374848435,38.84589503,5,6.744741203,17,1,3.512627819,3.639314787
E1538,42,IT,3,2,0.110779661,8.038686534,34.39768709,2,5.567696378,15,0,3.17643017,5.503234355
E1539,30,Sales,4,4,0.484376595,7.305683069,30.95813905,1,4.688863288,11,1,2.449669619,9.049065677
E1540,40,HR,10,4,0.051623376,7.667274794,51.21000075,2,5.168053923,72,0,2.144768575,0.045233202
E1541,27,Finance,19,2,0.318566686,6.33849081,42.55695427,6,8.296587246,16,1,2.822624538,3.765003522
E1542,38,Marketing,2,4,0.161238499,5.350210371,38.96003351,1,6.519063286,5,1,3.655047207,4.132201673
E1543,45,Finance,8,2,0.389733865,5.866876903,40.18044218,4,6.088718635,5,1,3.494879398,7.544866428
E1544,17,HR,7,4,0.198428321,6.8669313,32.43333875,4,5.926049165,18,0,3.099009634,0
E1545,29,Marketing,4,5,0.298197483,1.988847654,45.09949237,2,7.12756879,14,1,3.661509755,0
E1546,39,Finance,15,1,0.341417232,7.745865735,52.00053846,1,6.640817359,0,2,4.332021376,8.103593025
E1547,33,Engineering,1,4,0.262462946,10,38.08621496,0,6.590301784,35,1,3.815301208,22.80512505
E1548,37,HR,0,3,0.204883425,6.960670094,53.91728518,2,9.023985892,24,0,3.402953063,11.59953903
E1549,30,HR,9,5,0.414804191,5.438146752,41.4179755,4,9.307024423,21,1,4.242457605,4.319938285
E1550,35,HR,2,3,0.363149423,5.677529491,50.33376564,4,4.584967491,1,0,2.732119758,0
E1551,33,Engineering,9,4,0.241899505,7.415084702,43.53610522,3,7.491389097,8,1,3.320064368,2.533281243
E1552,43,Engineering,11,1,0.304886639,5.483422673,43.53065595,5,5.834706852,54,1,3.339129652,6.270191128
E1553,36,Sales,0,3,0.135745044,7.737350543,51.21962871,5,6.627623329,39,0,2.510437393,2.386171166
E1554,37,IT,10,1,0.289239338,5.651718566,45.91351969,2,7.463917578,6,0,3.16410067,4.366258809
E1555,32,Finance,2,5,0.203276221,9.428366933,43.87424039,2,6.680920125,3,0,1.840032255,8.690136778
E1556,31,Sales,3,4,0.168336342,9.373192272,32.29331581,4,7.345689821,11,2,5,4.84242846
E1557,31,Finance,4,4,0.245022405,5.339660664,34.46395717,1,8.009455309,8,0,2.750068969,0
E1558,37,IT,13,5,0.138011098,5.837952327,44.29277487,4,7.441865201,22,0,4.768891305,3.342265707
E1559,32,Engineering,0,1,0.533334057,5.955262276,49.33891653,5,6.029745544,67,2,3.530467605,11.73278589
E1560,37,IT,3,3,0.08664082,5.982067348,42.64225534,3,6.05620059,9,0,3.951891306,12.67177577
E1561,49,Engineering,5,1,0.471812551,4.10514191,39.04347681,3,4.840442055,1,0,3.108960161,0
E1562,41,IT,6,2,0.108104597,3.825478631,32.80414805,4,5.719119554,45,1,3.666343754,9.207514587
E1563,32,Sales,5,2,0.550246655,8.499515143,38.08207471,1,9.943102543,0,0,4.020391712,6.989427516
E1564,43,Marketing,0,3,0.083734275,8.179574028,42.65490565,3,5.811994639,61,0,4.031641932,9.736530554
E1565,32,Sales,1,2,0.161187593,8.145041428,37.71771674,4,5.209931781,21,0,4.119818712,2.116526879
E1566,20,Finance,2,2,0.593977494,5.861243266,37.17776865,3,7.479891793,56,1,3.205333832,0
E1567,27,Sales,8,2,0.74766409,9.78402354,41.74441368,1,6.834452861,4,2,3.115712262,8.15362106
E1568,21,HR,1,2,0.310892713,5.955062047,49.24205835,4,6.706610145,0,0,2.22465894,0
E1569,32,Finance,1,5,0.394740719,7.725752348,45.42359694,2,9.11356895,13,0,3.918575209,0
E1570,35,IT,15,4,0.369080778,3.222755971,43.42935893,4,7.823690013,11,0,4.365902969,0
E1571,46,Finance,0,5,0.140255728,5.540529337,42.9424319,1,6.205010602,8,1,4.792785344,7.076898165
E1572,37,Marketing,30,3,0.272108927,5.688357889,44.75588351,4,6.363286124,63,0,3.744138108,5.271211944
E1573,33,Engineering,5,2,0.318867594,5.869024924,41.44934212,2,6.246120229,34,1,2.886816182,8.037590071
E1574,40,IT,8,4,0.0356635,3.349002064,39.94459191,4,8.312109432,21,0,2.142323085,7.254452713
E1575,19,Finance,1,3,0.367387786,7.407761856,45.6909698,2,6.537778556,3,2,4.333333386,2.617105381
E1576,36,IT,0,2,0.113807038,8.057220623,40.87302359,7,4.310269746,26,1,2.062978747,4.281812566
E1577,40,IT,6,2,0.113964585,4.512281222,36.05701299,3,6.927520482,25,1,3.227516738,1.437504354
E1578,24,IT,8,2,0.159449727,3.705316967,49.21650005,2,4.694460998,11,0,3.320554538,1.986654656
E1579,43,Engineering,6,2,0.443557924,4.46211675,32.65036352,2,10,51,1,3.44443589,0
E1580,37,Sales,0,3,0.199134251,6.990997338,49.59161412,3,5.551498129,3,0,3.52864208,6.281891515
E1581,32,IT,7,3,0.424674409,4.80679329,44.53227623,2,6.757202852,6,0,3.610518045,9.278520152
E1582,39,HR,7,1,0.396680255,5.731869501,37.15424634,0,7.387304102,1,0,1.56770939,0
E1583,50,Marketing,5,2,0.536057658,3.853078511,42.12127277,0,6.567012759,31,1,3.511724728,9.885783679
E1584,36,Engineering,7,4,0.182553809,9.958572811,39.855683,4,6.564954398,19,1,1.716339541,5.948868856
E1585,36,Finance,9,2,0.251590893,6.146397256,46.03862864,3,7.632740929,7,1,4.085774458,5.90536546
E1586,31,Engineering,4,3,0.152758729,8.299430658,45.93965626,2,9.289323938,3,1,3.055899875,0
E1587,29,Finance,0,4,0.091869011,6.986339668,44.30681761,0,8.151263623,0,0,1.77437062,0
E1588,40,Engineering,3,2,0.58403921,5.91623989,45.7319154,3,9.217770818,3,1,2.848636258,5.542191924
E1589,29,Finance,0,1,0.305148827,5.81267535,41.42583787,9,5.430071338,12,1,3.043939729,8.466572022
E1590,35,IT,2,3,0.142412883,4.549512647,50.80837548,3,7.47604395,5,1,4.452559694,0.869846517
E1591,31,Sales,2,3,0.134573576,5.099073698,48.11803442,5,7.232869078,5,0,3.657310193,12.76200541
E1592,38,Finance,0,3,0.23506675,3.984395337,39.61497141,7,7.526636938,41,2,3.775555955,8.2229911
E1593,37,Finance,2,4,0.527085346,3.766268056,46.05430858,4,9.064347956,14,1,4.444977307,0
E1594,42,HR,0,2,0.570156677,10,45.61791143,4,6.668816275,26,1,3.42308457,5.86491009
E1595,31,Finance,8,3,0.638761558,6.55782473,40.70119172,1,6.39174495,0,0,4.103350369,16.66543188
E1596,33,HR,14,3,0.500114963,8.931434483,40.30871678,2,7.800971196,9,1,4.047088891,0
E1597,28,Marketing,0,2,0.274700294,4.411875486,48.07254006,3,4.332695909,13,1,2.470824405,5.783709978
E1598,31,IT,15,3,0.581697712,3.496792815,41.92653123,4,6.644721926,4,0,4.678386862,2.218253592
E1599,37,HR,3,2,0.419770374,4.044443578,43.30085945,2,6.798703466,2,0,2.363758576,7.012054181
E1600,40,Sales,1,3,0.494197403,5.15585623,49.00552033,2,5.619462076,40,0,4.23389332,10.32307462
E1601,28,IT,0,1,0.500729737,6.072999864,54.666695,0,8.585588517,56,1,2.28634157,2.66006288
E1602,41,HR,3,3,0.159073642,5.698126766,39.36687527,2,5.406639524,1,0,3.980989431,9.457807684
E1603,44,IT,7,3,0.502650047,4.453618063,40.89549875,2,6.796190427,8,0,4.989531903,15.12957978
E1604,37,IT,6,4,0.715690088,6.175430019,42.37002006,2,7.439735838,63,1,3.329617075,5.058379213
E1605,48,IT,0,1,0.148246534,6.350772249,42.48368216,4,9.030177342,1,1,3.294915486,8.986456771
E1606,29,Marketing,0,3,0.155391328,7.404552855,43.88177444,2,6.984165348,20,0,3.988351999,1.913456142
E1607,26,Sales,2,3,0.398175807,8.940864606,39.54910746,4,8.404230391,71,0,3.236482835,6.12008595
E1608,22,Engineering,1,4,0.091164801,5.272212421,35.6690449,3,8.050893096,76,1,4.954622963,4.134204981
E1609,45,Engineering,1,3,0.470345886,8.430961187,50.76912622,1,7.185186334,12,1,3.6537538,9.018327638
E1610,39,HR,1,3,0.19129745,6.131875187,45.0604125,3,5.365729888,3,0,3.243864393,10.00595437
E1611,34,IT,8,4,0.482868582,2.945362025,39.90732133,6,4.848128709,4,2,3.067771578,2.627532276
E1612,36,HR,13,4,0.362302577,9.566541621,44.18556504,4,7.159758102,44,0,2.753641224,13.36106242
E1613,27,Marketing,2,3,0.235802996,10,51.16475263,2,6.185954689,48,2,2.997796011,13.08639528
E1614,52,Marketing,11,3,0.526675828,7.238192956,38.05989191,6,8.378891638,18,0,3.219461285,9.673368705
E1615,35,Finance,1,4,0.284817914,6.179569929,43.05570107,3,8.118784777,29,0,3.109888741,2.214917826
E1616,35,Marketing,3,5,0.549229275,5.45718988,35.0506763,2,6.723083508,26,0,2.973459781,1.034802724
E1617,40,Finance,1,4,0.291279485,5.072104061,41.40829188,5,5.263430614,21,0,5,0.130582098
E1618,38,Sales,5,3,0.289304596,8.421402506,45.08297693,4,7.766103324,35,1,2.675923939,10.19016553
E1619,36,HR,19,2,0.194317258,5.965453524,36.42638372,2,5.473075831,23,1,3.61730607,0
E1620,29,Sales,4,3,0.256801829,9.347879594,41.06399315,4,5.862304116,15,1,3.974016808,8.725230699
E1621,38,Marketing,2,4,0.284957786,6.069724831,45.9996365,2,5.530876393,5,0,4.004086396,0
E1622,48,Sales,5,3,0.513918944,5.175306613,44.94600066,1,6.792248467,27,0,3.453114339,8.121351851
E1623,44,Sales,0,3,0.151886537,4.797399071,36.2118416,3,8.755288501,12,0,3.307437943,4.570255452
E1624,46,Sales,10,4,0.129163519,4.512567829,43.86887437,2,6.992438695,6,0,3.861237993,10.57925853
E1625,31,Marketing,3,3,0.153729707,7.028291653,44.79359419,3,6.335171961,32,1,3.71321732,10.41653598
E1626,28,IT,2,4,0.384809484,3.41101329,42.53992758,5,4.711577605,23,0,3.292832932,10.48545039
E1627,34,Sales,4,3,0.302101831,4.363325033,47.44669655,3,7.828186877,55,1,2.250497143,11.48271239
E1628,35,Finance,4,3,0.343738109,8.648965252,39.05276341,2,5.829393091,3,1,3.125661022,5.454041172
E1629,42,Marketing,0,3,0.620394468,4.090901378,44.06242231,0,7.176276429,20,0,2.582759869,0
E1630,23,Sales,5,4,0.160965723,7.725409844,36.17399856,2,6.468672076,5,1,2.96627236,0
E1631,45,IT,1,2,0.358949385,1.873976377,33.99687078,2,8.257265829,46,0,3.526578591,0
E1632,33,Marketing,6,2,0.460886398,8.900174084,45.90539491,5,6.764145412,2,0,3.786988915,0.020807748
E1633,32,Engineering,8,5,0.373389512,3.459536322,42.10281235,1,6.911610468,21,1,4.924362201,4.053536132
E1634,27,IT,8,2,0.103188219,4.247212513,39.68291214,1,7.728620721,31,0,3.070074897,1.123559265
E1635,23,Finance,4,3,0.490777255,7.360685156,36.67421993,2,10,8,0,4.119700508,4.665482601
E1636,40,Sales,3,3,0.373517718,6.540816268,46.13551191,2,8.332670396,61,1,3.74476802,7.57570478
E1637,35,Engineering,0,3,0.152474021,7.789974872,34.45992814,3,6.86709084,38,0,4.536798137,3.703958602
E1638,25,Engineering,7,3,0.556600153,3.443474741,46.96438734,1,7.004796986,6,1,3.960982976,0
E1639,25,Marketing,1,2,0.095939152,5.426389181,44.25498685,2,6.21271081,0,0,2.693214858,3.518908348
E1640,32,Engineering,3,3,0.067892884,4.765843582,34.71104306,1,5.575006445,7,0,2.121563177,0
E1641,46,Finance,1,3,0.292406143,3.779622404,42.62980707,0,6.170873819,6,1,3.74900936,1.915024095
E1642,33,Finance,0,3,0.240912007,7.191794917,55.26862438,4,5.841776554,44,1,3.077239202,11.41345332
E1643,24,HR,4,2,0.230985189,7.886102893,47.94709142,2,7.980052576,68,0,2.715749003,3.955679842
E1644,33,Finance,0,3,0.43361884,5.32626759,37.8598641,3,5.393207713,1,0,2.485937836,12.47886065
E1645,33,IT,6,2,0.360567269,9.045422599,45.58352841,4,8.999815842,12,1,3.628780398,13.12607773
E1646,16,Engineering,1,2,0.326502998,4.428599558,34.92043435,4,8.128069575,15,0,4.706166159,1.644995642
E1647,34,Finance,0,2,0.045267851,8.996934648,35.14342912,6,7.030752594,1,1,3.173062123,0
E1648,33,Marketing,3,2,0.478942046,7.12447812,41.66347165,3,7.000477917,9,1,3.972216249,4.565524543
E1649,39,HR,0,4,0.336516904,3.552865629,44.75826134,4,6.164078036,7,1,3.41818692,9.321246053
E1650,47,Engineering,1,2,0.357349681,9.963048534,46.05665159,1,7.405126617,15,1,2.468494329,2.934515833
E1651,42,HR,6,5,0.02304693,5.111044934,46.12591862,4,8.632138695,21,1,4.087849075,9.349977006
E1652,33,Engineering,0,5,0.648326749,8.410235479,44.47375056,5,5.945265307,24,1,2.624246365,11.06522387
E1653,27,Marketing,9,3,0.220508005,6.291298244,33.93004436,0,4.699911867,2,1,3.517301304,0
E1654,53,HR,0,2,0.059454576,6.748882449,41.69534182,1,8.054827382,33,1,3.226783668,1.407133689
E1655,35,Sales,1,3,0.627006141,7.802413561,46.84340946,5,7.486548961,22,0,4.214461948,9.017840761
E1656,35,IT,6,4,0.164505159,7.691702369,44.21645463,5,5.319701798,43,0,2.653479206,5.509695789
E1657,34,IT,1,3,0.547830841,5.315706874,42.91053016,5,5.899912944,11,1,3.812695926,0.766287054
E1658,36,Engineering,0,1,0.368973377,7.063331192,43.64612933,3,5.711343589,44,1,2.828162074,2.730157325
E1659,33,Sales,2,3,0.351351541,6.913199697,43.5625994,3,5.913201596,40,0,3.09111583,4.163329919
E1660,30,HR,1,4,0.210184671,6.427122399,32.17551359,5,6.514475869,11,0,1,0
E1661,31,Sales,9,4,0.435779562,5.593366932,47.77445571,4,6.600179044,9,2,5,8.351270373
E1662,34,Sales,1,2,0.193873565,6.423129666,41.44733546,2,6.023809517,54,1,3.940445546,2.100497167
E1663,31,HR,7,3,0.105955026,9.935081492,45.53793229,1,5.862754271,25,0,2.886122011,0
E1664,30,Marketing,11,2,0.229291613,5.409945296,30.47177247,3,6.656823484,52,1,2.600275449,4.117875936
E1665,35,Sales,2,2,0.427817051,8.41317484,50.30495952,3,7.251537302,31,2,3.103480998,1.549502633
E1666,33,Sales,12,4,0.291019781,4.760727152,36.21794178,5,6.525555195,18,1,4.073503628,12.70474345
E1667,45,Marketing,2,2,0.224305001,4.237370675,54.70670516,5,8.738000535,2,1,1.98633206,1.336436041
E1668,16,Sales,16,2,0.248569099,10,52.59620194,4,7.762131572,6,0,3.386732465,0.390325945
E1669,42,Sales,0,1,0.574895683,7.080048394,35.3754199,2,4.613731215,69,1,4.916513498,7.099587696
E1670,43,Sales,5,4,0.145128996,7.135026923,46.08518343,1,7.785591648,7,1,2.592842931,1.308595588
E1671,20,IT,3,4,0.365831988,7.190455544,36.91394071,4,7.908315974,1,1,3.564308031,1.176580855
E1672,32,Finance,2,3,0.571640572,8.814599413,38.80296982,2,6.347897548,24,0,5,7.848861125
E1673,32,Marketing,5,4,0.427925667,6.815620029,38.915837,2,4.757203619,26,0,4.005721304,0
E1674,25,Sales,6,2,0.041439526,7.632443745,44.23965337,3,7.012100139,6,0,3.600739056,0
E1675,29,IT,0,3,0.114572592,3.882863443,43.62318395,1,6.988437023,7,0,3.905309164,12.26275467
E1676,27,Marketing,0,3,0.342797212,7.967847074,35.99204589,3,5.317530645,12,1,3.179307732,7.454126631
E1677,47,Engineering,6,1,0.325479238,5.526478884,44.19975702,3,4.823171176,0,2,4.539705028,2.523645788
E1678,41,Engineering,5,3,0.11306138,7.343484964,40.97945437,10,6.86866968,31,1,3.180535982,5.534907258
E1679,43,Sales,16,5,0.109850698,2.569760091,32.89723559,2,6.650384212,7,1,1.932654713,5.487744078
E1680,40,IT,7,1,0.603484234,7.260359185,39.82983868,2,6.374101952,38,0,3.186957517,9.506364119
E1681,27,IT,15,2,0.680851367,1.51620729,50.30213427,3,6.874883898,32,1,2.726612376,0
E1682,31,Marketing,6,2,0.383472453,5.448169059,39.99859364,9,5.345835439,21,1,3.27504479,6.297898926
E1683,38,Marketing,1,2,0.238986196,2.588896818,32.82231594,3,6.347769081,7,1,3.292732753,0.659000347
E1684,26,IT,0,5,0.491089831,7.266073453,46.07233366,2,7.799987546,14,0,4.45793856,4.123603484
E1685,39,Marketing,7,3,0.319334781,6.138539762,37.36244908,2,6.475044879,11,1,4.056234181,5.127222613
E1686,33,IT,5,3,0.229074252,4.458425194,43.07214465,2,4.492041292,8,1,3.71061239,3.223736874
E1687,32,Finance,0,4,0.361145592,8.86881609,41.14006752,2,6.290961583,37,0,3.497643671,8.820866265
E1688,39,IT,2,2,0.195833539,4.206667011,50.80835116,2,5.394762305,13,1,2.652913593,5.709060514
E1689,38,Engineering,15,3,0.168883599,1,41.14358338,4,7.400704445,35,2,1.75505981,0
E1690,32,Marketing,3,3,0.26592484,7.027270068,36.27705362,1,7.478256105,2,0,3.590528009,0
E1691,43,IT,2,3,0.294295413,2.466802561,39.65576198,0,4.511838062,3,1,4.135712963,0.654773805
E1692,27,IT,3,5,0.056302574,4.269980714,35.85611925,2,8.138519456,75,1,3.413332893,13.54575032
E1693,39,Marketing,1,4,0.393876922,4.965306854,40.95367644,7,5.331720548,17,1,3.072116542,0
E1694,39,Finance,2,3,0.138292626,3.152012301,50.84895366,2,9.338773436,14,1,3.871601732,3.089923761
E1695,32,Finance,2,4,0.266822515,5.012544828,48.2423402,2,6.926835603,14,1,3.43333424,1.33874235
E1696,37,Marketing,0,2,0.387449814,3.189436225,52.20595252,3,5.130409752,4,0,4.848595354,0.516500688
E1697,26,HR,7,1,0.604535739,6.32476637,44.39625048,3,5.287020894,25,0,4.486182674,5.208311255
E1698,41,Marketing,2,2,0.111097492,3.542509488,42.71550104,2,7.522142938,1,1,4.267606446,10.79231593
E1699,33,Marketing,8,3,0.220043936,6.060292798,37.00853471,4,6.413050165,17,1,4.106187291,6.802120474
E1700,31,Finance,9,3,0.242718986,8.324015409,43.34833894,5,6.855019136,16,1,2.467866068,1.14348451
E1701,42,Finance,1,3,0.369828299,7.564745541,41.3481936,4,9.419170349,49,0,4.030394962,19.63992305
E1702,30,Marketing,5,5,0.451060624,5.836578616,45.89313682,2,5.951133904,14,0,3.801060766,4.47178228
E1703,25,Marketing,3,3,0.339426018,4.022525363,36.38872511,5,7.089944287,2,2,3.985139783,1.200909866
E1704,24,Marketing,10,3,0.369986862,6.318354232,42.26341227,2,9.129766731,17,0,3.894087589,12.10754296
E1705,39,Finance,1,1,0.011562418,4.608561751,34.13251438,2,7.405770213,1,1,3.86221007,1.672989499
E1706,26,Marketing,5,1,0.111926889,6.402246917,43.68806296,4,4.590095897,4,1,5,12.55276632
E1707,47,Marketing,4,3,0.201982466,2.569429565,45.37875941,4,7.758083518,0,1,3.439051464,0
E1708,20,Sales,1,3,0.240389453,7.614522113,33.89244954,2,5.255495713,14,0,4.249069905,11.65574299
E1709,46,HR,0,4,0.142640906,6.066433126,35.30123873,6,9.110211293,1,1,3.123208152,6.176202305
E1710,36,Engineering,5,2,0.105714583,10,35.5200999,3,5.765698593,12,1,4.132513267,11.8765628
E1711,34,HR,6,1,0.293088572,8.612122924,41.11187521,7,10,54,0,4.251455912,16.20018381
E1712,31,Sales,1,3,0.213554211,7.132373873,35.01257694,1,9.201063982,25,0,3.791540862,0
E1713,37,Engineering,5,2,0.241169969,5.752014053,48.89245111,1,5.805081146,1,0,4.835397554,10.38604324
E1714,34,Marketing,2,1,0.029764642,4.540791273,44.18076491,2,7.030020708,5,0,2.792579171,0
E1715,42,Sales,6,4,0.245352789,7.88481859,44.9951979,0,8.130466422,22,1,3.110223247,0
E1716,35,Marketing,1,2,0.046055655,5.541060417,34.05476057,4,8.175490711,45,1,3.669904069,0.864629114
E1717,36,Finance,11,3,0.231360206,8.336729266,48.46589043,5,7.66350439,0,3,4.204645483,8.065774881
E1718,32,IT,1,2,0.201656317,6.801646327,45.2480472,2,8.878238555,33,1,3.643543617,5.336664464
E1719,34,Sales,2,2,0.168894964,6.815994254,38.5882718,1,6.81554658,16,1,4.528607229,0
E1720,37,Finance,0,3,0.077016283,7.189052254,34.29116038,2,6.449923497,15,0,2.970648103,5.220970161
E1721,23,Sales,0,4,0.525722637,4.160746123,41.61936388,9,6.479704018,63,1,2.587537208,7.427728369
E1722,25,Sales,3,3,0.249305378,3.955727512,39.66784294,3,8.287559848,27,1,3.746502669,7.596824236
E1723,40,Finance,1,4,0.160696604,3.886581103,39.87536582,2,7.54777156,37,2,3.438255779,9.424489766
E1724,36,Engineering,9,2,0.27800583,8.09499383,38.47284002,6,7.436925499,8,1,3.934290976,14.61804723
E1725,33,HR,0,4,0.081173313,4.108556825,45.60717954,5,8.192851374,16,2,3.478078167,4.275679754
E1726,35,Marketing,2,2,0.285856629,4.357680584,30,1,3.923421388,19,1,3.227984168,0.361912337
E1727,37,Sales,2,3,0.101515892,7.075034254,49.14963895,1,7.465103236,7,1,3.440049943,7.707474222
E1728,31,Marketing,0,3,0.027207938,5.495901751,46.99058244,4,7.327853333,16,0,3.523079116,0
E1729,29,IT,0,5,0.07894914,5.240411516,43.05342594,0,9.503212122,5,1,3.25601496,1.067808069
E1730,36,Finance,2,3,0.492352694,5.066890062,41.27957215,1,4.707118027,3,1,3.337494363,8.309375412
E1731,28,Marketing,3,1,0.040022204,1.348736644,47.41525328,1,9.335779949,9,0,3.17712533,2.739492906
E1732,37,Finance,2,1,0.07915592,4.066236948,41.78870422,2,7.113113693,26,0,4.185332096,0
E1733,23,Marketing,3,4,0.025045195,8.363126274,40.60785258,6,7.733484296,49,1,3.655216804,0
E1734,42,HR,4,3,0.229414131,4.921203797,47.69359034,2,9.513878181,12,0,5,5.108414081
E1735,38,HR,0,4,0.072256451,2.199020588,52.46697863,8,7.841141902,20,0,3.628563641,9.773758883
E1736,36,HR,3,2,0.025476064,3.984011522,37.14496588,2,7.600552434,2,1,3.059314024,9.406967556
E1737,41,HR,16,3,0.555279089,6.71970793,44.12399657,1,7.363436779,46,2,5,5.491174088
E1738,46,HR,3,1,0.606224841,6.680069218,36.56804061,3,6.274782798,16,1,3.830901102,14.57189873
E1739,42,HR,5,5,0.405030766,5.411438775,44.50819841,2,6.957266313,30,0,4.29209983,3.832461355
E1740,22,Finance,1,3,0.203572955,4.621591906,38.10909261,2,5.926730851,31,0,3.973682387,3.126374525
E1741,26,Sales,7,5,0.092508839,3.195608028,48.05774128,1,6.933149651,5,0,3.998408823,0
E1742,30,Marketing,7,2,0.258184384,6.736370073,41.49940299,4,3.496103954,15,0,3.928523241,1.722400751
E1743,35,HR,3,3,0.169531449,7.675740835,42.23239335,3,7.643559351,64,0,2.618332348,9.486437115
E1744,38,Finance,18,3,0.083598013,8.577760004,50.15557549,1,6.817394119,1,2,3.794023238,12.7715867
E1745,29,Finance,0,3,0.139048161,3.778825283,38.3349854,2,6.495694395,22,1,2.440110957,0
E1746,36,Finance,0,4,0.358383756,8.731045961,45.42421097,2,7.329637126,65,0,3.360509731,7.792061176
E1747,29,Sales,7,5,0.326651207,5.886775825,38.83273279,2,4.849654116,7,0,2.919506035,8.885767343
E1748,30,Marketing,8,4,0.46717998,6.053143927,47.98148772,4,9.893904995,39,1,3.785976149,5.508356615
E1749,25,Sales,0,4,0.650489375,7.787184081,50.93377724,8,6.845848808,54,1,3.767300998,0
E1750,28,Engineering,1,2,0.048085826,4.918092193,40.68546401,5,6.781233351,27,0,3.884916713,5.6249235
E1751,25,Finance,0,2,0.251714292,1.672393997,31.029548,2,5.551905685,5,2,3.729837258,6.481323329
E1752,28,Engineering,1,5,0.218595392,7.409723096,38.55931469,4,7.035919574,8,0,3.014539727,0.136963306
E1753,42,IT,7,1,0.501267105,6.697141489,54.16318162,2,9.080439835,0,0,3.291197209,3.702159332
E1754,28,HR,3,4,0.039018583,5.279446306,39.03942903,3,8.553874314,35,0,4.236316929,0
E1755,53,HR,2,4,0.164113819,7.245062688,50.85510575,3,8.281656627,37,1,4.354285342,0
E1756,38,Sales,2,3,0.110012932,7.653886921,38.96857005,6,7.819598428,20,0,2.582573521,10.47347377
E1757,36,Marketing,0,5,0.403622844,2.975987376,38.84500322,7,6.462186209,8,0,2.275257894,3.57088878
E1758,28,Engineering,1,3,0.588405274,6.045025949,45.89593789,3,4.824755249,1,0,2.918488493,11.75084485
E1759,39,Marketing,5,3,0.094362531,1.444874786,45.29670498,3,6.698441842,27,1,4.336166066,7.480108766
E1760,30,Sales,18,1,0.22198017,5.752613621,46.26087091,2,6.646192803,25,0,4.471907224,2.612069562
E1761,35,HR,9,3,0.417162828,5.254515512,42.02455279,2,8.57319166,48,0,2.760230496,4.157783842
E1762,52,Marketing,0,2,0.054798863,6.983818035,47.17180049,1,7.464085664,26,0,3.745847483,7.583930903
E1763,34,Marketing,11,3,0.54404998,3.853889541,46.80750047,4,9.418467292,35,0,4.967545067,9.665332529
E1764,43,HR,7,4,0.077071712,5.157026928,47.74514031,3,8.79623281,27,0,3.832249182,6.369356812
E1765,30,Engineering,7,5,0.105990564,1,38.88220472,1,6.315256586,19,0,4.637202628,8.297360267
E1766,34,HR,3,2,0.397768717,7.115007642,47.16814601,4,4.307306205,11,0,4.298981256,2.827832349
E1767,47,Marketing,2,3,0.475629144,5.823200166,39.39331929,1,9.078362851,46,1,2.771841035,0
E1768,30,Engineering,1,5,0.482732003,6.174482876,41.21449385,5,9.039077835,21,0,3.348014861,4.895270283
E1769,47,Engineering,0,1,0.013686891,3.013138528,41.11186481,4,4.950682614,10,0,3.527803583,4.146707203
E1770,39,HR,1,1,0.054016858,6.79612435,37.00948045,3,9.26386003,1,0,3.58330671,0
E1771,31,Marketing,1,2,0.239978605,9.305499407,33.32241195,5,7.573175756,6,2,4.233063163,0
E1772,39,Sales,3,3,0.549000269,5.630174562,48.11862021,0,7.241028247,15,1,3.82694781,6.385283084
E1773,41,Marketing,6,2,0.144613165,7.300177816,38.48875229,1,9.422174881,6,1,1.151039245,2.816468695
E1774,39,Finance,3,5,0.320949583,4.258757954,40.65130138,1,9.01702776,5,1,2.449727782,3.195138965
E1775,24,IT,0,3,0.081631538,5.84628762,38.3464161,4,7.976996428,14,2,1.750095268,2.682186355
E1776,29,Sales,15,3,0.059327414,2.937318772,40.71672732,2,7.709825599,3,1,3.640292193,11.17270037
E1777,33,Engineering,14,2,0.104593978,7.576243609,39.4704853,6,7.924591436,32,1,3.69239012,11.87668526
E1778,34,Sales,7,3,0.062157566,6.319681154,48.39541935,1,6.399913849,13,0,3.726579967,0
E1779,39,Engineering,23,3,0.19910076,3.561427228,39.04747926,4,6.917347825,17,0,2.732857386,1.028727667
E1780,36,Engineering,3,4,0.568940056,4.396275646,50.57277074,4,5.646524268,3,1,4.039315204,8.001432381
E1781,25,Sales,16,4,0.152384262,6.122172345,47.696357,1,6.500440336,7,3,4.073009997,7.217394473
E1782,37,Engineering,0,3,0.384193945,7.847730032,39.62776504,2,6.450049182,10,0,2.495880746,4.383923605
E1783,39,Engineering,2,5,0.054746177,8.959054407,43.59905817,3,6.047041946,33,1,2.327169439,0
E1784,38,Finance,1,4,0.131452782,5.731749242,44.59673165,8,7.205119754,29,0,3.499894651,1.578088678
E1785,42,Marketing,1,4,0.10151791,3.270702652,46.20803602,0,6.514028724,5,0,4.933425819,0.790894012
E1786,40,Marketing,0,1,0.230595324,6.476930281,46.70233504,1,7.753352081,19,0,4.859794194,6.190357889
E1787,38,IT,4,1,0.187031337,9.569764798,42.93316328,3,4.56651908,5,0,3.950723488,13.44880351
E1788,34,IT,7,2,0.384485765,2.754503189,37.2278845,1,6.829967809,88,0,2.916002663,0.076842134
E1789,23,Finance,4,3,0.542641389,4.090808701,45.20444162,4,7.19732746,60,1,4.209474128,0
E1790,38,IT,0,3,0.18685433,7.221928688,40.81746812,4,6.53405614,16,1,3.138060588,4.207869346
E1791,36,Sales,8,3,0.070451763,6.307198271,30,0,6.74141095,24,1,2.885994371,9.289106277
E1792,36,HR,5,4,0.436364291,4.909960543,43.95139239,1,4.622130984,32,0,1.784826535,0
E1793,26,HR,2,4,0.115117484,6.440227747,38.32944974,6,7.534715657,25,1,3.581905759,12.34620386
E1794,27,HR,5,5,0.466171413,7.955090404,39.70805962,5,7.971408974,24,0,2.996106121,4.588638472
E1795,42,Finance,1,3,0.288646457,5.803327316,42.03010568,2,7.740305941,63,0,3.577144304,1.056046314
E1796,34,Finance,2,3,0.115749089,5.627984611,34.23176478,3,8.558090589,18,1,1.660513843,0
E1797,39,Engineering,12,2,0.55430487,7.17804834,42.69520739,7,7.302294409,20,0,3.635861338,8.856971172
E1798,35,HR,1,2,0.62186404,5.458970236,40.41646278,1,7.718021771,37,0,1.555103069,3.229605998
E1799,35,Sales,3,2,0.120696651,8.285047122,37.61390007,4,7.234136108,22,0,4.370352203,6.313128408
E1800,41,IT,11,3,0.223976827,10,42.23120913,3,8.031326079,26,1,3.917512987,1.521399763
E1801,31,Sales,6,3,0.451396653,4.214116064,33.54901891,2,4.634155546,5,0,3.277068183,1.543853762
E1802,35,IT,0,4,0.174629204,3.499948934,42.37813389,2,5.659628548,9,1,3.950175888,0.869511969
E1803,31,HR,0,2,0.27316421,6.743438477,44.35299457,3,9.380349486,3,1,2.71754059,4.587784476
E1804,31,HR,0,4,0.296266393,3.428990954,43.5262433,6,3.309346267,14,1,3.557900412,0
E1805,32,HR,4,3,0.197305023,3.394845042,45.94442104,4,6.789733105,12,2,4.135819231,0
E1806,36,Finance,2,2,0.262416052,1.901588459,47.82676191,1,8.758412439,117,0,1.024568601,17.24126366
E1807,31,IT,0,3,0.284004907,5.235495505,41.59326136,3,6.860109002,18,0,3.142220512,0
E1808,43,Finance,15,2,0.111111029,5.934019394,47.47724742,3,6.392483393,30,0,3.481884696,5.257904406
E1809,28,Finance,3,3,0.397680499,4.965274022,41.57457417,1,7.194132515,8,0,3.342965106,0
E1810,33,Marketing,1,3,0.567131284,8.780666367,38.50269563,2,6.47031973,35,1,4.665681461,0
E1811,31,Sales,3,2,0.527296088,8.631774534,40.03624691,1,7.046274239,19,0,2.6008791,30.42536524
E1812,45,Sales,5,2,0.273812738,9.857687928,43.33488795,2,5.974928445,23,0,3.003072605,6.088337319
E1813,36,Engineering,0,3,0.527955323,6.093056932,47.42588924,4,8.66301163,6,1,1.967304779,11.02626066
E1814,42,Finance,1,5,0.299248761,8.367638117,42.00731427,0,9.134897382,15,1,4.708229321,7.572984384
E1815,24,IT,8,3,0.175933014,6.617705298,38.63171564,2,6.799914517,20,1,3.302967886,3.731681808
E1816,36,Marketing,3,4,0.077994737,6.416764625,49.22130023,0,4.920265869,17,1,3.14927289,23.96448557
E1817,41,Marketing,3,3,0.259860629,5.065227849,34.82591744,5,6.214235245,49,1,3.458013854,11.83188959
E1818,35,Sales,2,5,0.319031017,1.473706418,38.66397308,1,6.72401701,45,1,4.008988663,7.693720708
E1819,42,Finance,0,4,0.126526937,7.27458291,46.46392189,1,7.758308315,70,0,3.777890723,0
E1820,31,Engineering,0,3,0.186298658,8.308272473,50.83228623,1,5.487980165,22,2,5,5.014295424
E1821,44,Finance,2,3,0.299989109,2.948764143,44.40340632,5,5.846256522,71,1,3.863148711,4.500926838
E1822,51,HR,1,4,0.384176408,5.980602676,43.24943779,2,7.766014207,35,0,3.127803657,2.85158662
E1823,32,Finance,0,3,0.347320593,7.983294337,40.54567415,2,8.408363248,6,0,3.05091461,9.043968734
E1824,31,HR,9,3,0.369573389,5.281002447,44.74035579,2,6.067608932,11,1,3.185792838,7.992737585
E1825,45,HR,19,1,0.428810804,8.386207347,42.64683836,1,5.000174419,5,2,2.29853046,3.283256889
E1826,46,Engineering,7,4,0.095549658,5.719433933,38.22734323,2,10,0,0,3.531891366,3.541267656
E1827,31,IT,9,4,0.134692467,4.949682939,40.45503116,1,8.174956356,4,0,4.126774485,11.76245246
E1828,32,Sales,1,2,0.104097745,8.500573826,37.66277002,8,6.599494357,0,1,3.00930912,10.11563657
E1829,33,Finance,16,3,0.485381511,4.132492528,42.06807807,10,8.303546913,25,2,2.854095955,5.230550829
E1830,25,HR,1,3,0.287243949,4.550191936,42.80919737,3,6.813315055,11,0,4.712756117,0
E1831,28,Finance,15,2,0.164220597,4.208908231,50.17191599,3,8.300735334,7,0,2.358813475,5.746678855
E1832,27,IT,26,5,0.091692517,3.714809461,39.01301437,5,7.239089797,28,1,1.845745299,7.331494407
E1833,29,Sales,6,2,0.265476762,6.306067835,41.09611623,0,7.136907847,35,0,2.577678445,0
E1834,34,IT,19,1,0.15395322,4.974130796,48.29590661,2,6.829627198,74,1,2.267653826,5.369141354
E1835,36,Sales,4,3,0.445118237,6.977226193,51.02544675,3,4.828928,20,0,3.808980851,2.188287052
E1836,45,Marketing,1,4,0.452789512,2.530719329,44.37355489,1,9.907142349,12,0,3.2114364,2.773445445
E1837,28,Sales,2,1,0.23199148,3.754903819,40.73218414,0,5.58769912,7,0,3.324250364,0
E1838,41,Engineering,4,3,0.250030839,6.103158179,39.63491166,1,4.959964636,5,0,4.422347342,3.118344262
E1839,33,IT,0,3,0.552116421,8.939361194,32.78466593,2,6.680710176,4,0,2.946932111,11.9739836
E1840,34,HR,4,2,0.433128961,6.757004298,37.3611585,0,5.55779228,10,0,4.120071529,1.852567595
E1841,39,Marketing,19,2,0.441312002,4.82121881,42.50781212,6,6.922430814,96,1,4.709058239,9.791199876
E1842,27,Engineering,1,3,0.439225601,3.020937293,41.09507067,5,8.031645773,0,0,3.135470002,0
E1843,37,Finance,7,2,0.083904614,4.704307903,45.11703987,3,8.492954351,4,2,4.089618284,8.261754665
E1844,36,IT,11,5,0.095963982,5.915031755,41.02398607,3,8.222096082,4,0,3.30654567,4.654294676
E1845,38,HR,14,4,0.124394336,1.284616212,38.36971352,1,6.541551918,25,1,4.239278503,4.641788762
E1846,37,Sales,16,5,0.296797623,3.57325986,43.7067213,2,7.074387741,8,0,2.24280865,3.452762471
E1847,52,HR,3,2,0.349915627,4.524888071,54.52632623,6,7.611818576,12,0,2.183590204,7.456085758
E1848,30,Finance,18,5,0.187657813,5.485182786,40.41325416,2,4.363318864,3,1,3.186985828,0
E1849,31,Marketing,7,3,0.604018843,5.891327041,42.69443761,5,7.85587705,10,1,2.788860153,0
E1850,30,Marketing,0,3,0.138063648,4.778264444,46.23462791,5,4.814051069,2,1,3.086632712,5.695389497
E1851,31,IT,3,1,0.580300072,7.011746364,39.14190804,2,10,15,1,3.324378734,0
E1852,30,Marketing,6,1,0.084673013,6.249413806,48.36378768,5,6.393227373,2,1,4.076010825,1.941630831
E1853,43,IT,1,3,0.266758291,5.259873431,34.10479944,5,6.722687234,31,0,3.173871537,4.118010363
E1854,44,IT,5,3,0.046595231,7.287550762,39.96136491,4,5.845439351,16,1,2.840910952,0
E1855,31,IT,5,2,0.05995933,7.123881233,40.44389551,4,6.055044952,25,1,3.218789299,1.200936989
E1856,29,Sales,0,3,0.48154663,3.092402899,42.75578873,1,10,10,2,2.884683776,5.368334437
E1857,38,Engineering,4,2,0.257752,5.935944862,32.1425935,0,8.410554533,9,1,2.752795598,9.38781621
E1858,31,IT,7,3,0.061096655,7.780521063,48.76369947,1,4.676196332,2,0,2.209586549,0
E1859,39,IT,3,3,0.228665084,8.114978559,44.07108792,1,9.256319351,14,0,3.555582493,2.576619798
E1860,36,Engineering,0,4,0.12473877,6.741817581,47.61415723,4,8.789863413,14,1,3.045035435,1.490461576
E1861,24,HR,0,4,0.738138284,5.533422877,50.06517869,1,6.578181307,12,1,4.273022991,0
E1862,45,IT,2,3,0.524191907,6.842639588,38.29718111,4,7.460045413,26,1,2.342083126,5.50767465
E1863,47,Sales,13,3,0.653875572,7.615546863,30,3,6.977583881,35,1,3.066333156,9.637598732
E1864,30,Marketing,1,3,0.414795624,6.231663898,47.73183038,1,9.958869857,27,0,4.950325777,10.41998154
E1865,32,Marketing,5,4,0.366741146,6.457208291,40.56808665,7,5.805564717,3,0,2.748312386,0.161968642
E1866,37,Finance,1,3,0.147497748,5.500393691,36.33415752,2,7.219015915,19,0,3.310773398,0
E1867,37,Finance,1,2,0.033013634,3.326429598,44.88149827,7,6.357782004,1,1,2.527324814,3.77950084
E1868,39,Marketing,9,1,0.351201819,5.651271759,54.31778466,3,4.850439393,23,1,2.42125799,7.832548507
E1869,49,Marketing,6,3,0.430946413,4.645772108,41.45546752,4,10,9,0,4.737848786,5.823661192
E1870,33,Sales,0,3,0.353712959,4.652157245,46.75558154,3,5.227650131,2,1,3.636831594,5.004607625
E1871,29,Engineering,2,4,0.51894755,8.867668978,37.06248603,3,7.330193781,39,0,3.606943071,11.23804524
E1872,25,Finance,0,2,0.180266396,7.903114755,33.56621117,2,4.38894909,19,0,2.142947012,0.388930955
E1873,29,Engineering,3,3,0.294933616,2.613001818,46.56970235,3,6.401394191,8,1,3.78699311,2.192447626
E1874,34,Sales,5,4,0.103756107,3.830242447,44.73036586,3,7.632953232,0,0,4.425937557,12.19422923
E1875,47,Marketing,0,4,0.299448882,5.272875911,39.67148583,4,5.762899031,15,1,4.419581649,28.17646916
E1876,31,IT,1,3,0.490068323,4.71873554,50.53109654,2,7.880202776,51,1,4.034666584,0
E1877,36,Engineering,2,3,0.300641158,6.634836547,33.17755515,1,6.596438362,18,1,2.596411538,0.872241804
E1878,34,Marketing,12,3,0.245194899,3.512829844,35.84984962,3,8.740123769,71,0,3.750498734,0
E1879,43,Marketing,24,5,0.184947441,7.917063923,39.28566203,5,9.04264137,2,0,4.034067968,7.536702643
E1880,52,HR,0,2,0.408573647,5.91198891,40.21801496,5,6.119882859,16,1,2.064445132,0
E1881,31,Engineering,7,5,0.15723,5.318975911,49.32677354,1,7.115099289,32,1,2.602976327,5.380085309
E1882,31,IT,2,3,0.544391109,5.971361115,42.24598969,1,7.27518134,14,1,4.210525857,0.731456455
E1883,42,Engineering,2,3,0.655856054,5.164983853,41.03523005,5,7.929023943,1,0,4.200836621,0
E1884,39,Marketing,7,1,0.142884561,1.938714859,35.64996616,2,7.021572994,17,0,2.261133573,4.494276677
E1885,47,IT,12,3,0.189318599,6.023851962,47.43316771,9,7.285316439,18,1,4.136017167,5.981205681
E1886,39,Sales,15,3,0.101562612,5.358507223,36.31679558,1,6.634890288,26,1,3.576242719,6.621500225
E1887,32,HR,4,2,0.473650833,4.091085975,35.62694354,5,7.1728598,28,0,4.124807164,0.914325721
E1888,39,Marketing,2,3,0.072349853,8.194859663,39.9987093,7,8.94691029,29,0,2.992382941,2.091320536
E1889,42,Finance,7,5,0.265357081,7.338876027,42.81597012,4,7.969124862,21,1,4.016146797,7.308700335
E1890,40,Finance,1,3,0.106928859,10,38.399287,4,8.051883459,4,0,4.17506302,13.65432818
E1891,38,HR,4,4,0.346885875,7.669657002,45.53508751,2,8.084605486,10,0,3.218932052,5.110728328
E1892,42,Sales,2,1,0.430495925,4.713129866,40.58511862,5,6.769286833,29,0,3.514202037,6.401316454
E1893,43,Marketing,5,3,0.293805244,4.188421243,47.2638447,4,7.478240565,61,0,2.981182696,2.670325497
E1894,44,Engineering,1,2,0.027097851,5.011388797,44.52555306,7,5.372239482,1,1,4.821311159,0
E1895,39,HR,1,3,0.348991473,4.666742769,50.9573967,3,8.903211484,15,0,3.403782449,9.348540165
E1896,33,Sales,12,5,0.031693897,6.217566728,39.78885537,5,2.825559351,7,0,2.76238054,8.063088133
E1897,36,Engineering,0,3,0.248256281,2.922405246,46.21985512,5,6.869277411,5,0,2.927339269,7.112011943
E1898,43,Finance,3,1,0.309513581,7.294573128,33.06594389,2,8.711343966,14,0,3.601416481,4.26669321
E1899,29,Finance,1,3,0.096505687,6.182392739,56.45829347,4,4.9541981,18,1,4.102664937,7.183947586
E1900,37,Engineering,0,3,0.16144889,7.064928616,45.96973267,2,7.599669876,0,0,2.431338524,9.052905819
E1901,32,HR,0,3,0.330326796,3.711707046,40.51846389,4,5.97885033,30,1,4.978128002,12.00573732
E1902,35,Finance,0,4,0.61699286,6.493377541,40.70437395,0,6.446795102,34,0,3.746940235,9.234383596
E1903,43,Marketing,10,4,0.599499133,8.598353162,40.76488463,3,8.418911441,67,0,3.873164778,6.219314651
E1904,36,IT,1,3,0.263237563,4.278985498,51.20018312,5,7.297085389,3,0,3.422248365,0
E1905,35,Engineering,15,3,0.243854318,4.224288585,46.4927475,3,3.948466198,18,0,3.515407174,3.950005689
E1906,25,Engineering,4,2,0.095248613,7.423914933,39.78340849,2,5.53536169,11,1,3.38137349,5.656107905
E1907,40,Finance,2,2,0.121273519,4.061897897,35.80592491,2,8.463003602,8,0,4.314236775,7.766604663
E1908,39,HR,4,3,0.257412783,5.533432034,47.98052318,5,7.673414077,16,1,3.49365713,11.451891
E1909,50,Marketing,3,3,0.495401886,8.951465358,46.19274463,1,9.622203359,30,0,4.113640175,5.482283913
E1910,32,HR,7,3,0.291846921,4.252662216,45.53185349,1,9.523971391,0,0,3.152921981,14.73466576
E1911,36,Sales,1,3,0.156866908,9.088884198,41.58127782,3,6.486632305,69,0,3.656512423,0
E1912,36,Sales,2,1,0.153579052,5.328436516,40.50191276,4,10,33,1,2.856863725,7.188769876
E1913,46,IT,11,3,0.201259457,3.757597346,50.42611756,1,7.036719505,27,0,4.473222586,0
E1914,34,Finance,14,2,0.135052783,7.20740831,50.8913462,7,5.555997198,28,0,2.833002207,0
E1915,36,Finance,11,2,0.103395679,6.215496269,45.20062438,1,6.049540201,9,0,3.240016445,2.999164516
E1916,39,Finance,2,4,0.127683748,6.026360522,46.84920432,2,3.614912342,27,0,3.24803167,0
E1917,36,IT,7,1,0.260519556,4.462563479,43.18049082,2,9.410528512,9,2,3.21683889,3.611787515
E1918,31,Sales,3,3,0.078280995,6.200905901,35.15007114,5,9.392142984,45,1,4.077996616,5.718853249
E1919,36,HR,3,2,0.046165892,1.864738892,37.10128622,3,5.476738842,3,1,3.246673788,8.323314493
E1920,42,IT,1,4,0.296029271,6.437529474,47.73090952,2,6.658173567,6,1,4.615139624,0
E1921,27,IT,4,3,0.235762629,8.5944984,48.36852674,4,7.143411316,16,1,2.845219931,9.813211167
E1922,35,HR,1,2,0.461901671,2.469142605,47.27063504,2,5.559470422,7,0,3.635501976,3.401337935
E1923,30,Finance,2,3,0.558072603,5.186449567,43.73026155,2,4.367346953,11,1,2.879371209,8.478923058
E1924,43,Marketing,9,4,0.138554097,4.250720372,47.45649478,5,6.684463594,13,0,3.836778226,1.928092869
E1925,24,HR,1,5,0.353324723,2.977891932,41.70931353,2,6.518380856,38,0,3.487240218,0
E1926,31,Sales,0,2,0.075095561,1.894251159,45.10695168,4,6.417383139,14,1,3.375950364,0
E1927,37,Engineering,0,4,0.124056883,3.638328166,40.97658816,0,7.334074094,9,1,4.450779973,0
E1928,45,Engineering,14,5,0.284142197,5.515246769,36.71607183,8,9.144279488,5,1,2.976526503,7.601193643
E1929,34,IT,3,5,0.317688993,8.298274097,46.32285986,1,6.54536092,10,1,3.969212126,12.25581439
E1930,31,Engineering,2,3,0.100341186,2.95457098,48.37562202,5,7.255664498,14,0,2.88483207,0.878254596
E1931,48,Marketing,8,3,0.439540054,6.588785518,54.3697939,2,8.090305786,27,0,3.59014816,8.018410817
E1932,24,Finance,9,3,0.521388944,6.439283173,43.32014501,5,7.83121439,2,0,2.543539737,0
E1933,19,Sales,2,4,0.245211975,9.34392592,36.76095091,1,6.078364713,5,1,2.969986283,5.794873143
E1934,38,Marketing,5,3,0.102068477,7.142062929,40.35779631,4,7.144565685,9,2,3.434285564,8.231716216
E1935,31,Sales,7,3,0.05401935,7.257198986,41.32054307,3,7.82130973,8,0,4.951719334,0
E1936,27,Sales,5,3,0.817076533,7.398600799,42.74248903,3,5.307472994,9,0,3.580643096,3.409127608
E1937,39,Finance,0,4,0.0584059,4.151535969,44.35438128,2,8.895308516,31,0,4.823734653,8.12743382
E1938,36,IT,10,4,0.045515817,4.854354953,43.81484646,2,9.147383358,7,1,3.676258633,0
E1939,31,Engineering,3,2,0.218059023,8.233736325,45.88541129,2,5.915829617,13,1,3.190332604,11.3698935
E1940,26,Finance,1,4,0.184502766,1.898400288,42.98711524,5,7.290505028,19,0,4.731485218,5.465266005
E1941,41,Marketing,2,3,0.20445861,4.635377856,30.87352049,4,7.963417385,5,2,3.849614098,7.967548056
E1942,39,IT,0,4,0.156398135,3.338381476,43.13566914,2,6.181578766,25,1,2.985822725,1.256186147
E1943,34,Marketing,0,3,0.658236383,6.468488084,42.43365381,4,7.722420769,15,0,3.876457168,0
E1944,47,IT,7,3,0.645612492,5.156782829,44.75133432,6,7.244883439,11,2,3.2659242,7.17345912
E1945,27,Marketing,0,5,0.429664943,7.25194095,40.19258897,6,4.798122734,33,0,1.908772643,4.013477238
E1946,24,Finance,2,2,0.443888425,5.782009679,43.11762862,2,7.688741974,5,0,4.248778527,4.679682453
E1947,30,IT,3,4,0.378476437,2.907815359,44.78121094,1,5.349786376,42,0,4.375947245,8.614218214
E1948,34,IT,0,3,0.164932925,3.000264721,41.19978899,2,8.408804277,16,1,4.970353624,7.838152899
E1949,36,Sales,18,3,0.139904424,5.987902963,45.37935301,2,5.993183387,18,1,3.837714954,13.76651106
E1950,33,Sales,1,3,0.320479342,4.457730066,42.35062466,4,6.75807185,41,0,3.301021261,4.896261316
E1951,37,HR,1,3,0.086989464,4.934732294,42.78329416,2,9.05841837,34,2,4.167991542,1.284160823
E1952,26,Marketing,1,3,0.315436048,7.876830844,30,3,7.74457247,18,0,4.179856292,4.37408658
E1953,45,Sales,1,1,0.372481314,7.518065354,36.28056358,3,5.380789121,27,1,4.810624947,6.835527491
E1954,34,HR,0,2,0.079180752,9.595467681,36.29417092,4,5.477625144,11,1,3.464297902,10.30197387
E1955,42,Sales,6,1,0.167527661,5.367328911,43.08166109,2,6.101045817,15,0,3.367536822,0
E1956,37,Marketing,17,5,0.252706691,4.717706731,48.35832617,2,7.591966125,1,0,2.927564464,4.000126296
E1957,38,IT,1,5,0.127834977,6.836377929,41.40792448,2,7.537449722,1,1,3.929969669,12.77747954
E1958,38,Engineering,5,3,0.067480064,4.878411062,46.2414909,1,5.735346543,35,0,2.261390665,2.310524199
E1959,38,Marketing,6,4,0.131041934,4.943877774,45.24126328,4,5.249185772,1,1,4.120869898,8.473649534
E1960,39,Finance,9,3,0.720511054,5.595796812,42.69946712,1,7.422375108,3,0,3.970268097,6.710460671
E1961,44,Sales,2,3,0.156357273,9.305497912,44.8698835,4,6.727209901,31,1,3.968056162,10.40296331
E1962,36,Sales,1,4,0.634861949,7.40793161,43.22971859,7,10,0,0,3.610580189,1.915163803
E1963,39,IT,1,5,0.333196474,7.617640805,41.28859752,4,7.054905485,6,0,4.726382598,1.160967652
E1964,34,Finance,6,3,0.452639678,9.215708674,43.95540175,2,9.721379242,17,0,4.197594772,6.211056089
E1965,45,IT,8,4,0.225165335,7.80506592,49.23315705,2,5.244424603,18,1,3.014338247,0
E1966,30,Finance,1,2,0.470469017,3.73718878,44.36374487,6,4.640180591,30,0,3.02865676,2.136797263
E1967,47,Engineering,2,5,0.124031344,7.774764728,43.0898556,1,5.319872301,14,0,2.796260949,5.516219924
E1968,34,Sales,11,1,0.444315666,8.028509714,37.61274709,2,8.783694672,14,2,3.941026666,14.38880862
E1969,24,Sales,8,3,0.200947096,7.303729705,49.07937575,3,9.634152385,25,1,2.699888863,7.443231284
E1970,35,Engineering,20,3,0.187525731,5.609116252,34.96475735,2,5.826730819,13,0,4.366713715,7.185566992
E1971,30,HR,7,3,0.251580762,7.092663412,33.4696846,6,6.309150955,18,3,4.558378647,10.90122279
E1972,40,IT,2,2,0.392759003,5.959520557,43.85730344,3,5.246528635,45,1,2.796786985,0
E1973,30,Engineering,4,5,0.089919023,4.043823248,37.59619904,3,4.282540229,10,0,3.351561172,2.311102896
E1974,31,IT,5,2,0.115522326,4.540732709,47.44549501,4,8.077617547,9,0,3.513296785,16.48068168
E1975,21,Marketing,0,3,0.264525827,7.407445638,33.58147187,0,7.334530454,0,1,4.207186528,4.291333172
E1976,31,Sales,3,2,0.372115559,4.188359641,46.80903236,3,7.015731974,19,1,4.7874747,9.705715835
E1977,18,IT,6,3,0.34702168,4.376892913,46.10490967,4,4.899915194,0,0,2.151606086,8.079476971
E1978,23,Finance,0,3,0.187127213,7.50676892,42.59007982,8,9.459935023,14,0,3.245455426,0
E1979,40,IT,7,3,0.373261428,6.267578126,31.50214179,3,6.244964893,32,0,3.287186644,5.946989043
E1980,40,Marketing,4,2,0.385400961,7.154386634,33.3834844,1,7.800439637,15,1,2.379464116,5.362082878
E1981,37,Sales,15,2,0.17420887,3.541964127,43.19967639,4,4.818157892,6,0,3.111911985,4.813709448
E1982,28,Engineering,0,3,0.293010987,7.098859015,40.83604,1,6.714212216,30,0,3.842215155,0.863980633
E1983,34,Marketing,1,4,0.210034038,4.679943702,45.63665142,3,7.437061684,6,1,3.277056878,0
E1984,34,Sales,4,4,0.390424756,3.966232029,41.65891854,1,7.490612827,26,1,2.264303065,1.252118275
E1985,26,IT,1,1,0.091525341,4.989310216,41.22409684,6,7.231972815,18,0,5,4.255811283
E1986,45,HR,6,3,0.173609862,8.724129914,30,3,7.741783738,3,0,3.712942292,11.34954849
E1987,41,HR,7,2,0.362517572,5.27109173,46.11216156,3,5.304219316,47,0,3.589355304,13.06733974
E1988,33,Finance,0,1,0.363755242,10,38.75426908,5,7.296058908,4,0,2.62165891,12.72025279
E1989,35,Sales,3,3,0.191271893,1.875643791,40.00897038,6,7.170636525,91,2,3.70856493,8.267563062
E1990,36,HR,3,3,0.12169411,2.907444162,36.65110478,1,7.347509026,0,1,3.368628973,0
E1991,20,Engineering,2,2,0.293681648,8.648370474,34.29794468,3,7.108517826,6,0,1.98918127,2.955536914
E1992,33,Sales,13,2,0.349569296,9.151209118,49.36068914,2,5.090180839,4,0,2.643795648,5.684107555
E1993,30,Engineering,8,1,0.185334413,4.273085526,45.97743847,3,5.023300372,0,1,4.135940814,0.295946682
E1994,27,Engineering,5,4,0.179527514,6.137787233,46.05997788,3,3.678597721,26,1,5,6.827013863
E1995,33,HR,6,5,0.358494429,7.424379837,40.91744691,3,8.226301765,23,0,3.793732324,8.870379782
E1996,47,Sales,3,2,0.46850667,5.541248625,33.31038777,1,8.241486265,31,1,4.382466623,7.31656646
E1997,39,IT,12,2,0.378714609,6.299734183,52.51022378,1,8.265325437,5,1,3.375395753,9.713234
E1998,31,Marketing,5,4,0.181439318,6.021866026,44.11145816,1,7.460184944,11,0,3.430763071,0
E1999,39,HR,6,5,0.18070884,3.037106041,42.683946,4,3.800321173,21,1,4.372783222,7.686273109
